Design,Protocol,Length,Seed,Helicity,Target_Hotspot,Sequence,InterfaceResidues,MPNN_score,MPNN_seq_recovery,Average_pLDDT,1_pLDDT,2_pLDDT,3_pLDDT,4_pLDDT,5_pLDDT,Average_pTM,1_pTM,2_pTM,3_pTM,4_pTM,5_pTM,Average_i_pTM,1_i_pTM,2_i_pTM,3_i_pTM,4_i_pTM,5_i_pTM,Average_pAE,1_pAE,2_pAE,3_pAE,4_pAE,5_pAE,Average_i_pAE,1_i_pAE,2_i_pAE,3_i_pAE,4_i_pAE,5_i_pAE,Average_i_pLDDT,1_i_pLDDT,2_i_pLDDT,3_i_pLDDT,4_i_pLDDT,5_i_pLDDT,Average_ss_pLDDT,1_ss_pLDDT,2_ss_pLDDT,3_ss_pLDDT,4_ss_pLDDT,5_ss_pLDDT,Average_Unrelaxed_Clashes,1_Unrelaxed_Clashes,2_Unrelaxed_Clashes,3_Unrelaxed_Clashes,4_Unrelaxed_Clashes,5_Unrelaxed_Clashes,Average_Relaxed_Clashes,1_Relaxed_Clashes,2_Relaxed_Clashes,3_Relaxed_Clashes,4_Relaxed_Clashes,5_Relaxed_Clashes,Average_Binder_Energy_Score,1_Binder_Energy_Score,2_Binder_Energy_Score,3_Binder_Energy_Score,4_Binder_Energy_Score,5_Binder_Energy_Score,Average_Surface_Hydrophobicity,1_Surface_Hydrophobicity,2_Surface_Hydrophobicity,3_Surface_Hydrophobicity,4_Surface_Hydrophobicity,5_Surface_Hydrophobicity,Average_ShapeComplementarity,1_ShapeComplementarity,2_ShapeComplementarity,3_ShapeComplementarity,4_ShapeComplementarity,5_ShapeComplementarity,Average_PackStat,1_PackStat,2_PackStat,3_PackStat,4_PackStat,5_PackStat,Average_dG,1_dG,2_dG,3_dG,4_dG,5_dG,Average_dSASA,1_dSASA,2_dSASA,3_dSASA,4_dSASA,5_dSASA,Average_dG/dSASA,1_dG/dSASA,2_dG/dSASA,3_dG/dSASA,4_dG/dSASA,5_dG/dSASA,Average_Interface_SASA_%,1_Interface_SASA_%,2_Interface_SASA_%,3_Interface_SASA_%,4_Interface_SASA_%,5_Interface_SASA_%,Average_Interface_Hydrophobicity,1_Interface_Hydrophobicity,2_Interface_Hydrophobicity,3_Interface_Hydrophobicity,4_Interface_Hydrophobicity,5_Interface_Hydrophobicity,Average_n_InterfaceResidues,1_n_InterfaceResidues,2_n_InterfaceResidues,3_n_InterfaceResidues,4_n_InterfaceResidues,5_n_InterfaceResidues,Average_n_InterfaceHbonds,1_n_InterfaceHbonds,2_n_InterfaceHbonds,3_n_InterfaceHbonds,4_n_InterfaceHbonds,5_n_InterfaceHbonds,Average_InterfaceHbondsPercentage,1_InterfaceHbondsPercentage,2_InterfaceHbondsPercentage,3_InterfaceHbondsPercentage,4_InterfaceHbondsPercentage,5_InterfaceHbondsPercentage,Average_n_InterfaceUnsatHbonds,1_n_InterfaceUnsatHbonds,2_n_InterfaceUnsatHbonds,3_n_InterfaceUnsatHbonds,4_n_InterfaceUnsatHbonds,5_n_InterfaceUnsatHbonds,Average_InterfaceUnsatHbondsPercentage,1_InterfaceUnsatHbondsPercentage,2_InterfaceUnsatHbondsPercentage,3_InterfaceUnsatHbondsPercentage,4_InterfaceUnsatHbondsPercentage,5_InterfaceUnsatHbondsPercentage,Average_Interface_Helix%,1_Interface_Helix%,2_Interface_Helix%,3_Interface_Helix%,4_Interface_Helix%,5_Interface_Helix%,Average_Interface_BetaSheet%,1_Interface_BetaSheet%,2_Interface_BetaSheet%,3_Interface_BetaSheet%,4_Interface_BetaSheet%,5_Interface_BetaSheet%,Average_Interface_Loop%,1_Interface_Loop%,2_Interface_Loop%,3_Interface_Loop%,4_Interface_Loop%,5_Interface_Loop%,Average_Binder_Helix%,1_Binder_Helix%,2_Binder_Helix%,3_Binder_Helix%,4_Binder_Helix%,5_Binder_Helix%,Average_Binder_BetaSheet%,1_Binder_BetaSheet%,2_Binder_BetaSheet%,3_Binder_BetaSheet%,4_Binder_BetaSheet%,5_Binder_BetaSheet%,Average_Binder_Loop%,1_Binder_Loop%,2_Binder_Loop%,3_Binder_Loop%,4_Binder_Loop%,5_Binder_Loop%,Average_InterfaceAAs,1_InterfaceAAs,2_InterfaceAAs,3_InterfaceAAs,4_InterfaceAAs,5_InterfaceAAs,Average_Hotspot_RMSD,1_Hotspot_RMSD,2_Hotspot_RMSD,3_Hotspot_RMSD,4_Hotspot_RMSD,5_Hotspot_RMSD,Average_Target_RMSD,1_Target_RMSD,2_Target_RMSD,3_Target_RMSD,4_Target_RMSD,5_Target_RMSD,Average_Binder_pLDDT,1_Binder_pLDDT,2_Binder_pLDDT,3_Binder_pLDDT,4_Binder_pLDDT,5_Binder_pLDDT,Average_Binder_pTM,1_Binder_pTM,2_Binder_pTM,3_Binder_pTM,4_Binder_pTM,5_Binder_pTM,Average_Binder_pAE,1_Binder_pAE,2_Binder_pAE,3_Binder_pAE,4_Binder_pAE,5_Binder_pAE,Average_Binder_RMSD,1_Binder_RMSD,2_Binder_RMSD,3_Binder_RMSD,4_Binder_RMSD,5_Binder_RMSD,DesignTime,Notes,TargetSettings,Filters,AdvancedSettings
THP_NoFilters_l23_s641432_mpnn1,4stage,23,641432,-0.3,15-25,SLKELMERAIEDDEALEEVMKLM,"B6,B7,B9,B10,B11,B13,B16,B19,B20,B23",1.31,0.36,0.86,0.85,0.87,,,,0.63,0.6,0.66,,,,0.61,0.57,0.65,,,,0.19,0.2,0.18,,,,0.26,0.27,0.24,,,,0.0,0,0,,,,0.0,0,0,,,,0.0,0,0,,,,0.0,0,0,,,,-50.0,-49.05,-50.95,,,,0.33,0.33,0.33,,,,0.85,0.86,0.85,,,,0.65,0.7,0.59,,,,-32.55,-32.69,-32.41,,,,861.09,865.29,856.88,,,,-3.78,-3.78,-3.78,,,,52.67,52.67,52.67,,,,70.0,70.0,70.0,,,,10.0,10,10,,,,2.0,2,2,,,,20.0,20.0,20.0,,,,2.0,2.0,2.0,,,,20.0,20.0,20.0,,,,0.0,0,0,,,,0.0,0,0,,,,0.0,0,0,,,,0.0,0,0,,,,0.0,0,0,,,,0.0,0,0,,,,"{'A': 1.0, 'C': 0.0, 'D': 1.0, 'E': 2.0, 'F': 0.0, 'G': 0.0, 'H': 0.0, 'I': 1.0, 'K': 0.0, 'L': 1.0, 'M': 3.0, 'N': 0.0, 'P': 0.0, 'Q': 0.0, 'R': 0.0, 'S': 0.0, 'T': 0.0, 'V': 1.0, 'W': 0.0, 'Y': 0.0}","{'A': 1, 'C': 0, 'D': 1, 'E': 2, 'F': 0, 'G': 0, 'H': 0, 'I': 1, 'K': 0, 'L': 1, 'M': 3, 'N': 0, 'P': 0, 'Q': 0, 'R': 0, 'S': 0, 'T': 0, 'V': 1, 'W': 0, 'Y': 0}","{'A': 1, 'C': 0, 'D': 1, 'E': 2, 'F': 0, 'G': 0, 'H': 0, 'I': 1, 'K': 0, 'L': 1, 'M': 3, 'N': 0, 'P': 0, 'Q': 0, 'R': 0, 'S': 0, 'T': 0, 'V': 1, 'W': 0, 'Y': 0}",,,,2.35,2.38,2.32,,,,0.66,0.73,0.58,,,,0.72,0.74,0.7,,,,0.17,0.18,0.16,,,,0.27,0.26,0.27,,,,6.47,6.87,6.08,,,,"0 hours, 0 minutes, 44 seconds","Absorption value is 0.0, consider adding tryptophane to design.",THP_NoFilters,default_filters,default_4stage_multimer
THP_NoFilters_l23_s641432_mpnn3,4stage,23,641432,-0.3,15-25,SLKELMEKAIEDDAALEEVMKLM,"B6,B7,B9,B10,B11,B13,B16,B19,B20,B23",1.35,0.27,0.83,0.83,0.84,,,,0.61,0.58,0.65,,,,0.56,0.52,0.61,,,,0.21,0.22,0.19,,,,0.27,0.29,0.25,,,,0.0,0,0,,,,0.0,0,0,,,,0.0,0,0,,,,0.0,0,0,,,,-45.83,-47.34,-44.31,,,,0.39,0.39,0.39,,,,0.84,0.84,0.84,,,,0.62,0.59,0.65,,,,-32.02,-32.0,-32.03,,,,833.38,820.31,846.44,,,,-3.84,-3.9,-3.78,,,,50.84,49.85,51.83,,,,70.0,70.0,70.0,,,,10.0,10,10,,,,2.0,2,2,,,,20.0,20.0,20.0,,,,2.0,2.0,2.0,,,,20.0,20.0,20.0,,,,0.0,0,0,,,,0.0,0,0,,,,0.0,0,0,,,,0.0,0,0,,,,0.0,0,0,,,,0.0,0,0,,,,"{'A': 1.0, 'C': 0.0, 'D': 1.0, 'E': 2.0, 'F': 0.0, 'G': 0.0, 'H': 0.0, 'I': 1.0, 'K': 0.0, 'L': 1.0, 'M': 3.0, 'N': 0.0, 'P': 0.0, 'Q': 0.0, 'R': 0.0, 'S': 0.0, 'T': 0.0, 'V': 1.0, 'W': 0.0, 'Y': 0.0}","{'A': 1, 'C': 0, 'D': 1, 'E': 2, 'F': 0, 'G': 0, 'H': 0, 'I': 1, 'K': 0, 'L': 1, 'M': 3, 'N': 0, 'P': 0, 'Q': 0, 'R': 0, 'S': 0, 'T': 0, 'V': 1, 'W': 0, 'Y': 0}","{'A': 1, 'C': 0, 'D': 1, 'E': 2, 'F': 0, 'G': 0, 'H': 0, 'I': 1, 'K': 0, 'L': 1, 'M': 3, 'N': 0, 'P': 0, 'Q': 0, 'R': 0, 'S': 0, 'T': 0, 'V': 1, 'W': 0, 'Y': 0}",,,,2.05,1.9,2.2,,,,0.59,0.63,0.55,,,,0.91,0.92,0.89,,,,0.23,0.23,0.22,,,,0.12,0.12,0.13,,,,8.83,8.79,8.87,,,,"0 hours, 0 minutes, 7 seconds","Absorption value is 0.0, consider adding tryptophane to design.",THP_NoFilters,default_filters,default_4stage_multimer
THP_NoFilters_l23_s641432_mpnn5,4stage,23,641432,-0.3,15-25,SLKELMEKAIEDDEALEEVMKLM,"B6,B7,B9,B10,B11,B13,B16,B19,B20,B23",1.36,0.36,0.85,0.84,0.86,,,,0.62,0.59,0.66,,,,0.59,0.55,0.63,,,,0.2,0.21,0.18,,,,0.26,0.28,0.23,,,,0.0,0,0,,,,0.0,0,0,,,,0.0,0,0,,,,0.0,0,0,,,,-47.45,-48.13,-46.76,,,,0.34,0.33,0.35,,,,0.84,0.86,0.83,,,,0.66,0.65,0.66,,,,-31.81,-32.58,-31.05,,,,852.25,858.41,846.09,,,,-3.73,-3.79,-3.67,,,,51.03,51.23,50.84,,,,70.0,70.0,70.0,,,,10.0,10,10,,,,2.0,2,2,,,,20.0,20.0,20.0,,,,2.0,2.0,2.0,,,,20.0,20.0,20.0,,,,0.0,0,0,,,,0.0,0,0,,,,0.0,0,0,,,,0.0,0,0,,,,0.0,0,0,,,,0.0,0,0,,,,"{'A': 1.0, 'C': 0.0, 'D': 1.0, 'E': 2.0, 'F': 0.0, 'G': 0.0, 'H': 0.0, 'I': 1.0, 'K': 0.0, 'L': 1.0, 'M': 3.0, 'N': 0.0, 'P': 0.0, 'Q': 0.0, 'R': 0.0, 'S': 0.0, 'T': 0.0, 'V': 1.0, 'W': 0.0, 'Y': 0.0}","{'A': 1, 'C': 0, 'D': 1, 'E': 2, 'F': 0, 'G': 0, 'H': 0, 'I': 1, 'K': 0, 'L': 1, 'M': 3, 'N': 0, 'P': 0, 'Q': 0, 'R': 0, 'S': 0, 'T': 0, 'V': 1, 'W': 0, 'Y': 0}","{'A': 1, 'C': 0, 'D': 1, 'E': 2, 'F': 0, 'G': 0, 'H': 0, 'I': 1, 'K': 0, 'L': 1, 'M': 3, 'N': 0, 'P': 0, 'Q': 0, 'R': 0, 'S': 0, 'T': 0, 'V': 1, 'W': 0, 'Y': 0}",,,,2.29,2.32,2.27,,,,0.62,0.69,0.54,,,,0.72,0.75,0.7,,,,0.17,0.18,0.16,,,,0.25,0.24,0.26,,,,6.19,6.53,5.85,,,,"0 hours, 0 minutes, 6 seconds","Absorption value is 0.0, consider adding tryptophane to design.",THP_NoFilters,default_filters,default_4stage_multimer
THP_NoFilters_l23_s641432_mpnn6,4stage,23,641432,-0.3,15-25,SLKELMEKAIEDDAALEEVMALM,"B6,B7,B9,B10,B11,B13,B16,B19,B20,B23",1.37,0.27,0.85,0.85,0.86,,,,0.65,0.61,0.69,,,,0.6,0.56,0.65,,,,0.18,0.2,0.17,,,,0.24,0.26,0.22,,,,0.0,0,0,,,,0.0,0,0,,,,0.0,0,0,,,,0.0,0,0,,,,-45.58,-46.58,-44.57,,,,0.44,0.44,0.44,,,,0.85,0.85,0.85,,,,0.64,0.63,0.64,,,,-32.55,-32.95,-32.14,,,,838.31,837.76,838.86,,,,-3.88,-3.93,-3.83,,,,54.24,54.78,53.7,,,,70.0,70.0,70.0,,,,10.0,10,10,,,,2.0,2,2,,,,20.0,20.0,20.0,,,,2.0,2.0,2.0,,,,20.0,20.0,20.0,,,,0.0,0,0,,,,0.0,0,0,,,,0.0,0,0,,,,0.0,0,0,,,,0.0,0,0,,,,0.0,0,0,,,,"{'A': 1.0, 'C': 0.0, 'D': 1.0, 'E': 2.0, 'F': 0.0, 'G': 0.0, 'H': 0.0, 'I': 1.0, 'K': 0.0, 'L': 1.0, 'M': 3.0, 'N': 0.0, 'P': 0.0, 'Q': 0.0, 'R': 0.0, 'S': 0.0, 'T': 0.0, 'V': 1.0, 'W': 0.0, 'Y': 0.0}","{'A': 1, 'C': 0, 'D': 1, 'E': 2, 'F': 0, 'G': 0, 'H': 0, 'I': 1, 'K': 0, 'L': 1, 'M': 3, 'N': 0, 'P': 0, 'Q': 0, 'R': 0, 'S': 0, 'T': 0, 'V': 1, 'W': 0, 'Y': 0}","{'A': 1, 'C': 0, 'D': 1, 'E': 2, 'F': 0, 'G': 0, 'H': 0, 'I': 1, 'K': 0, 'L': 1, 'M': 3, 'N': 0, 'P': 0, 'Q': 0, 'R': 0, 'S': 0, 'T': 0, 'V': 1, 'W': 0, 'Y': 0}",,,,2.2,2.08,2.31,,,,0.6,0.67,0.53,,,,0.89,0.91,0.86,,,,0.23,0.24,0.22,,,,0.13,0.12,0.14,,,,8.86,8.78,8.93,,,,"0 hours, 0 minutes, 6 seconds","Absorption value is 0.0, consider adding tryptophane to design.",THP_NoFilters,default_filters,default_4stage_multimer
THP_NoFilters_l23_s641432_mpnn11,4stage,23,641432,-0.3,15-25,SLKELMEAAIEDDAALEEVMKLM,"B6,B7,B9,B10,B11,B13,B16,B19,B20,B23",1.39,0.27,0.83,0.82,0.85,,,,0.64,0.6,0.67,,,,0.58,0.53,0.63,,,,0.2,0.21,0.18,,,,0.26,0.28,0.23,,,,0.0,0,0,,,,0.0,0,0,,,,0.0,0,0,,,,0.0,0,0,,,,-45.52,-45.93,-45.11,,,,0.44,0.44,0.44,,,,0.83,0.83,0.84,,,,0.61,0.61,0.62,,,,-30.91,-30.37,-31.46,,,,858.98,878.16,839.81,,,,-3.6,-3.46,-3.75,,,,53.46,54.59,52.33,,,,70.0,70.0,70.0,,,,10.0,10,10,,,,1.5,1,2,,,,15.0,10.0,20.0,,,,2.0,2.0,2.0,,,,20.0,20.0,20.0,,,,0.0,0,0,,,,0.0,0,0,,,,0.0,0,0,,,,0.0,0,0,,,,0.0,0,0,,,,0.0,0,0,,,,"{'A': 1.0, 'C': 0.0, 'D': 1.0, 'E': 2.0, 'F': 0.0, 'G': 0.0, 'H': 0.0, 'I': 1.0, 'K': 0.0, 'L': 1.0, 'M': 3.0, 'N': 0.0, 'P': 0.0, 'Q': 0.0, 'R': 0.0, 'S': 0.0, 'T': 0.0, 'V': 1.0, 'W': 0.0, 'Y': 0.0}","{'A': 1, 'C': 0, 'D': 1, 'E': 2, 'F': 0, 'G': 0, 'H': 0, 'I': 1, 'K': 0, 'L': 1, 'M': 3, 'N': 0, 'P': 0, 'Q': 0, 'R': 0, 'S': 0, 'T': 0, 'V': 1, 'W': 0, 'Y': 0}","{'A': 1, 'C': 0, 'D': 1, 'E': 2, 'F': 0, 'G': 0, 'H': 0, 'I': 1, 'K': 0, 'L': 1, 'M': 3, 'N': 0, 'P': 0, 'Q': 0, 'R': 0, 'S': 0, 'T': 0, 'V': 1, 'W': 0, 'Y': 0}",,,,2.08,2.02,2.14,,,,0.59,0.65,0.53,,,,0.83,0.83,0.83,,,,0.2,0.19,0.2,,,,0.17,0.18,0.16,,,,9.14,9.1,9.19,,,,"0 hours, 0 minutes, 7 seconds","Absorption value is 0.0, consider adding tryptophane to design.",THP_NoFilters,default_filters,default_4stage_multimer
THP_NoFilters_l23_s641432_mpnn13,4stage,23,641432,-0.3,15-25,SLKELMEKAIEDDEALDEVMALM,"B6,B7,B9,B10,B11,B13,B16,B17,B19,B20,B23",1.42,0.27,0.85,0.84,0.86,,,,0.63,0.59,0.67,,,,0.58,0.54,0.63,,,,0.2,0.21,0.18,,,,0.26,0.28,0.23,,,,0.0,0,0,,,,0.0,0,0,,,,0.0,0,0,,,,0.0,0,0,,,,-45.51,-47.1,-43.92,,,,0.39,0.39,0.39,,,,0.85,0.87,0.84,,,,0.61,0.57,0.66,,,,-34.03,-34.84,-33.23,,,,870.92,867.73,874.12,,,,-3.9,-4.01,-3.8,,,,55.41,55.28,55.53,,,,63.64,63.64,63.64,,,,11.0,11,11,,,,1.0,1,1,,,,9.09,9.09,9.09,,,,2.0,2.0,2.0,,,,18.18,18.18,18.18,,,,0.0,0,0,,,,0.0,0,0,,,,0.0,0,0,,,,0.0,0,0,,,,0.0,0,0,,,,0.0,0,0,,,,"{'A': 1.0, 'C': 0.0, 'D': 2.0, 'E': 2.0, 'F': 0.0, 'G': 0.0, 'H': 0.0, 'I': 1.0, 'K': 0.0, 'L': 1.0, 'M': 3.0, 'N': 0.0, 'P': 0.0, 'Q': 0.0, 'R': 0.0, 'S': 0.0, 'T': 0.0, 'V': 1.0, 'W': 0.0, 'Y': 0.0}","{'A': 1, 'C': 0, 'D': 2, 'E': 2, 'F': 0, 'G': 0, 'H': 0, 'I': 1, 'K': 0, 'L': 1, 'M': 3, 'N': 0, 'P': 0, 'Q': 0, 'R': 0, 'S': 0, 'T': 0, 'V': 1, 'W': 0, 'Y': 0}","{'A': 1, 'C': 0, 'D': 2, 'E': 2, 'F': 0, 'G': 0, 'H': 0, 'I': 1, 'K': 0, 'L': 1, 'M': 3, 'N': 0, 'P': 0, 'Q': 0, 'R': 0, 'S': 0, 'T': 0, 'V': 1, 'W': 0, 'Y': 0}",,,,2.47,2.53,2.41,,,,0.62,0.74,0.51,,,,0.73,0.76,0.71,,,,0.18,0.19,0.17,,,,0.26,0.24,0.28,,,,5.42,6.0,4.84,,,,"0 hours, 0 minutes, 6 seconds","Absorption value is 0.0, consider adding tryptophane to design.",THP_NoFilters,default_filters,default_4stage_multimer
THP_NoFilters_l23_s641432_mpnn14,4stage,23,641432,-0.3,15-25,SLKELMEAAIEDDALLEEVMKLM,"B3,B6,B7,B9,B10,B11,B13,B16,B19,B20,B23",1.42,0.27,0.83,0.81,0.85,,,,0.62,0.58,0.67,,,,0.57,0.51,0.63,,,,0.21,0.23,0.18,,,,0.26,0.29,0.23,,,,0.0,0,0,,,,0.0,0,0,,,,0.0,0,0,,,,0.0,0,0,,,,-41.03,-40.42,-41.65,,,,0.47,0.47,0.47,,,,0.83,0.82,0.85,,,,0.62,0.56,0.69,,,,-34.05,-33.78,-34.32,,,,891.7,900.53,882.88,,,,-3.82,-3.75,-3.89,,,,54.27,54.64,53.89,,,,66.82,70.0,63.64,,,,10.5,10,11,,,,2.0,2,2,,,,19.09,20.0,18.18,,,,2.0,2.0,2.0,,,,19.09,20.0,18.18,,,,0.0,0,0,,,,0.0,0,0,,,,0.0,0,0,,,,0.0,0,0,,,,0.0,0,0,,,,0.0,0,0,,,,"{'A': 1.0, 'C': 0.0, 'D': 1.0, 'E': 1.5, 'F': 0.0, 'G': 0.0, 'H': 0.0, 'I': 1.0, 'K': 1.0, 'L': 1.0, 'M': 3.0, 'N': 0.0, 'P': 0.0, 'Q': 0.0, 'R': 0.0, 'S': 0.0, 'T': 0.0, 'V': 1.0, 'W': 0.0, 'Y': 0.0}","{'A': 1, 'C': 0, 'D': 1, 'E': 1, 'F': 0, 'G': 0, 'H': 0, 'I': 1, 'K': 1, 'L': 1, 'M': 3, 'N': 0, 'P': 0, 'Q': 0, 'R': 0, 'S': 0, 'T': 0, 'V': 1, 'W': 0, 'Y': 0}","{'A': 1, 'C': 0, 'D': 1, 'E': 2, 'F': 0, 'G': 0, 'H': 0, 'I': 1, 'K': 1, 'L': 1, 'M': 3, 'N': 0, 'P': 0, 'Q': 0, 'R': 0, 'S': 0, 'T': 0, 'V': 1, 'W': 0, 'Y': 0}",,,,2.34,2.4,2.28,,,,0.63,0.7,0.56,,,,0.76,0.83,0.68,,,,0.17,0.19,0.15,,,,0.22,0.18,0.26,,,,8.82,9.03,8.61,,,,"0 hours, 0 minutes, 6 seconds","Absorption value is 0.0, consider adding tryptophane to design.",THP_NoFilters,default_filters,default_4stage_multimer
THP_NoFilters_l23_s641432_mpnn16,4stage,23,641432,-0.3,15-25,SLKELMEAAIEDDAALEKVMELM,"B6,B7,B9,B10,B11,B13,B16,B19,B20,B23",1.43,0.36,0.84,0.83,0.85,,,,0.63,0.6,0.66,,,,0.58,0.54,0.63,,,,0.2,0.21,0.18,,,,0.26,0.28,0.24,,,,0.0,0,0,,,,0.0,0,0,,,,0.0,0,0,,,,0.0,0,0,,,,-43.98,-43.06,-44.89,,,,0.44,0.44,0.44,,,,0.84,0.84,0.85,,,,0.69,0.68,0.69,,,,-31.34,-30.74,-31.93,,,,862.86,878.37,847.35,,,,-3.63,-3.5,-3.77,,,,55.28,56.55,54.02,,,,70.0,70.0,70.0,,,,10.0,10,10,,,,1.5,1,2,,,,15.0,10.0,20.0,,,,2.0,2.0,2.0,,,,20.0,20.0,20.0,,,,0.0,0,0,,,,0.0,0,0,,,,0.0,0,0,,,,0.0,0,0,,,,0.0,0,0,,,,0.0,0,0,,,,"{'A': 1.0, 'C': 0.0, 'D': 1.0, 'E': 2.0, 'F': 0.0, 'G': 0.0, 'H': 0.0, 'I': 1.0, 'K': 0.0, 'L': 1.0, 'M': 3.0, 'N': 0.0, 'P': 0.0, 'Q': 0.0, 'R': 0.0, 'S': 0.0, 'T': 0.0, 'V': 1.0, 'W': 0.0, 'Y': 0.0}","{'A': 1, 'C': 0, 'D': 1, 'E': 2, 'F': 0, 'G': 0, 'H': 0, 'I': 1, 'K': 0, 'L': 1, 'M': 3, 'N': 0, 'P': 0, 'Q': 0, 'R': 0, 'S': 0, 'T': 0, 'V': 1, 'W': 0, 'Y': 0}","{'A': 1, 'C': 0, 'D': 1, 'E': 2, 'F': 0, 'G': 0, 'H': 0, 'I': 1, 'K': 0, 'L': 1, 'M': 3, 'N': 0, 'P': 0, 'Q': 0, 'R': 0, 'S': 0, 'T': 0, 'V': 1, 'W': 0, 'Y': 0}",,,,2.13,2.05,2.21,,,,0.62,0.67,0.58,,,,0.71,0.73,0.69,,,,0.16,0.17,0.15,,,,0.26,0.25,0.27,,,,6.41,6.71,6.11,,,,"0 hours, 0 minutes, 7 seconds","Absorption value is 0.0, consider adding tryptophane to design.",THP_NoFilters,default_filters,default_4stage_multimer
THP_NoFilters_l23_s641432_mpnn18,4stage,23,641432,-0.3,15-25,SLKELMERAIEDDEALEEVMQLM,"B6,B7,B9,B10,B11,B13,B16,B19,B20,B23",1.45,0.36,0.87,0.86,0.88,,,,0.65,0.61,0.68,,,,0.63,0.6,0.66,,,,0.18,0.2,0.17,,,,0.25,0.27,0.23,,,,0.0,0,0,,,,0.0,0,0,,,,0.0,0,0,,,,0.0,0,0,,,,-46.56,-44.64,-48.48,,,,0.33,0.33,0.33,,,,0.84,0.86,0.82,,,,0.57,0.57,0.58,,,,-30.65,-29.78,-31.52,,,,843.03,848.64,837.43,,,,-3.63,-3.51,-3.76,,,,51.23,52.92,49.55,,,,70.0,70.0,70.0,,,,10.0,10,10,,,,2.0,2,2,,,,20.0,20.0,20.0,,,,2.0,2.0,2.0,,,,20.0,20.0,20.0,,,,0.0,0,0,,,,0.0,0,0,,,,0.0,0,0,,,,0.0,0,0,,,,0.0,0,0,,,,0.0,0,0,,,,"{'A': 1.0, 'C': 0.0, 'D': 1.0, 'E': 2.0, 'F': 0.0, 'G': 0.0, 'H': 0.0, 'I': 1.0, 'K': 0.0, 'L': 1.0, 'M': 3.0, 'N': 0.0, 'P': 0.0, 'Q': 0.0, 'R': 0.0, 'S': 0.0, 'T': 0.0, 'V': 1.0, 'W': 0.0, 'Y': 0.0}","{'A': 1, 'C': 0, 'D': 1, 'E': 2, 'F': 0, 'G': 0, 'H': 0, 'I': 1, 'K': 0, 'L': 1, 'M': 3, 'N': 0, 'P': 0, 'Q': 0, 'R': 0, 'S': 0, 'T': 0, 'V': 1, 'W': 0, 'Y': 0}","{'A': 1, 'C': 0, 'D': 1, 'E': 2, 'F': 0, 'G': 0, 'H': 0, 'I': 1, 'K': 0, 'L': 1, 'M': 3, 'N': 0, 'P': 0, 'Q': 0, 'R': 0, 'S': 0, 'T': 0, 'V': 1, 'W': 0, 'Y': 0}",,,,2.4,2.47,2.33,,,,0.66,0.75,0.58,,,,0.71,0.73,0.68,,,,0.17,0.18,0.17,,,,0.28,0.27,0.28,,,,5.0,5.74,4.27,,,,"0 hours, 0 minutes, 7 seconds","Absorption value is 0.0, consider adding tryptophane to design.",THP_NoFilters,default_filters,default_4stage_multimer
THP_NoFilters_l23_s641432_mpnn19,4stage,23,641432,-0.3,15-25,SLKELMEAAIEDDEVLEEVMKLM,"B3,B6,B7,B9,B10,B11,B13,B16,B17,B19,B20,B23",1.46,0.36,0.81,0.8,0.83,,,,0.64,0.59,0.68,,,,0.55,0.51,0.59,,,,0.21,0.23,0.19,,,,0.28,0.3,0.25,,,,0.0,0,0,,,,0.0,0,0,,,,0.0,0,0,,,,0.0,0,0,,,,-44.22,-46.55,-41.89,,,,0.39,0.39,0.39,,,,0.81,0.82,0.8,,,,0.57,0.62,0.53,,,,-32.16,-33.83,-30.5,,,,902.35,884.97,919.72,,,,-3.57,-3.82,-3.32,,,,55.49,53.74,57.24,,,,60.98,63.64,58.33,,,,11.5,11,12,,,,1.5,2,1,,,,13.25,18.18,8.33,,,,2.0,2.0,2.0,,,,17.43,18.18,16.67,,,,0.0,0,0,,,,0.0,0,0,,,,0.0,0,0,,,,0.0,0,0,,,,0.0,0,0,,,,0.0,0,0,,,,"{'A': 1.0, 'C': 0.0, 'D': 1.0, 'E': 2.5, 'F': 0.0, 'G': 0.0, 'H': 0.0, 'I': 1.0, 'K': 1.0, 'L': 1.0, 'M': 3.0, 'N': 0.0, 'P': 0.0, 'Q': 0.0, 'R': 0.0, 'S': 0.0, 'T': 0.0, 'V': 1.0, 'W': 0.0, 'Y': 0.0}","{'A': 1, 'C': 0, 'D': 1, 'E': 2, 'F': 0, 'G': 0, 'H': 0, 'I': 1, 'K': 1, 'L': 1, 'M': 3, 'N': 0, 'P': 0, 'Q': 0, 'R': 0, 'S': 0, 'T': 0, 'V': 1, 'W': 0, 'Y': 0}","{'A': 1, 'C': 0, 'D': 1, 'E': 3, 'F': 0, 'G': 0, 'H': 0, 'I': 1, 'K': 1, 'L': 1, 'M': 3, 'N': 0, 'P': 0, 'Q': 0, 'R': 0, 'S': 0, 'T': 0, 'V': 1, 'W': 0, 'Y': 0}",,,,2.53,2.79,2.27,,,,0.6,0.74,0.46,,,,0.76,0.81,0.7,,,,0.17,0.19,0.15,,,,0.22,0.17,0.26,,,,4.62,5.15,4.08,,,,"0 hours, 0 minutes, 6 seconds","Absorption value is 0.0, consider adding tryptophane to design.",THP_NoFilters,default_filters,default_4stage_multimer
THP_NoFilters_l16_s358287_mpnn15,4stage,16,358287,-0.3,15-25,LDWTEEERKVYEEYFK,"B1,B2,B3,B4,B6,B7,B10,B11,B14,B15",1.47,0.29,0.83,0.83,0.84,,,,0.58,0.55,0.61,,,,0.6,0.58,0.62,,,,0.23,0.24,0.22,,,,0.29,0.3,0.27,,,,0.0,0,0,,,,0.0,0,0,,,,0.5,1,0,,,,0.0,0,0,,,,-34.2,-31.52,-36.88,,,,0.35,0.33,0.38,,,,0.78,0.74,0.81,,,,0.62,0.63,0.62,,,,-30.68,-27.85,-33.51,,,,897.23,883.33,911.12,,,,-3.42,-3.15,-3.68,,,,58.92,58.31,59.53,,,,63.34,66.67,60.0,,,,9.5,9,10,,,,1.5,1,2,,,,15.55,11.11,20.0,,,,0.0,0.0,0.0,,,,0.0,0.0,0.0,,,,0.0,0,0,,,,0.0,0,0,,,,0.0,0,0,,,,0.0,0,0,,,,0.0,0,0,,,,0.0,0,0,,,,"{'A': 0.0, 'C': 0.0, 'D': 1.0, 'E': 2.0, 'F': 1.0, 'G': 0.0, 'H': 0.0, 'I': 0.0, 'K': 0.0, 'L': 1.0, 'M': 0.0, 'N': 0.0, 'P': 0.0, 'Q': 0.0, 'R': 0.0, 'S': 0.0, 'T': 0.5, 'V': 1.0, 'W': 1.0, 'Y': 2.0}","{'A': 0, 'C': 0, 'D': 1, 'E': 2, 'F': 1, 'G': 0, 'H': 0, 'I': 0, 'K': 0, 'L': 1, 'M': 0, 'N': 0, 'P': 0, 'Q': 0, 'R': 0, 'S': 0, 'T': 0, 'V': 1, 'W': 1, 'Y': 2}","{'A': 0, 'C': 0, 'D': 1, 'E': 2, 'F': 1, 'G': 0, 'H': 0, 'I': 0, 'K': 0, 'L': 1, 'M': 0, 'N': 0, 'P': 0, 'Q': 0, 'R': 0, 'S': 0, 'T': 1, 'V': 1, 'W': 1, 'Y': 2}",,,,2.2,2.45,1.95,,,,0.87,1.05,0.69,,,,0.86,0.86,0.86,,,,0.04,0.04,0.04,,,,0.13,0.14,0.12,,,,1.77,1.99,1.55,,,,"0 hours, 0 minutes, 21 seconds",,THP_NoFilters,default_filters,default_4stage_multimer
THP_NoFilters_l22_s105706_mpnn1,4stage,22,105706,-0.3,15-25,DPVEMAMELFGWSREEAREILD,"B2,B5,B6,B9,B10,B12,B20,B21,B22",0.98,0.5,0.87,0.86,0.88,,,,0.6,0.57,0.63,,,,0.57,0.54,0.61,,,,0.21,0.21,0.2,,,,0.29,0.29,0.28,,,,0.0,0,0,,,,0.0,0,0,,,,1.5,2,1,,,,0.0,0,0,,,,-50.78,-49.75,-51.81,,,,0.44,0.44,0.44,,,,0.78,0.82,0.74,,,,0.66,0.62,0.69,,,,-29.02,-30.5,-27.55,,,,815.21,849.14,781.28,,,,-3.56,-3.59,-3.53,,,,54.93,56.72,53.14,,,,84.44,80.0,88.89,,,,9.5,10,9,,,,1.0,1,1,,,,10.55,10.0,11.11,,,,0.0,0.0,0.0,,,,0.0,0.0,0.0,,,,0.0,0,0,,,,0.0,0,0,,,,0.0,0,0,,,,0.0,0,0,,,,0.0,0,0,,,,0.0,0,0,,,,"{'A': 1.0, 'C': 0.0, 'D': 1.5, 'E': 0.0, 'F': 1.0, 'G': 0.0, 'H': 0.0, 'I': 1.0, 'K': 0.0, 'L': 2.0, 'M': 1.0, 'N': 0.0, 'P': 1.0, 'Q': 0.0, 'R': 0.0, 'S': 0.0, 'T': 0.0, 'V': 0.0, 'W': 1.0, 'Y': 0.0}","{'A': 1, 'C': 0, 'D': 2, 'E': 0, 'F': 1, 'G': 0, 'H': 0, 'I': 1, 'K': 0, 'L': 2, 'M': 1, 'N': 0, 'P': 1, 'Q': 0, 'R': 0, 'S': 0, 'T': 0, 'V': 0, 'W': 1, 'Y': 0}","{'A': 1, 'C': 0, 'D': 1, 'E': 0, 'F': 1, 'G': 0, 'H': 0, 'I': 1, 'K': 0, 'L': 2, 'M': 1, 'N': 0, 'P': 1, 'Q': 0, 'R': 0, 'S': 0, 'T': 0, 'V': 0, 'W': 1, 'Y': 0}",,,,1.71,1.96,1.45,,,,0.9,1.1,0.71,,,,0.95,0.95,0.96,,,,0.27,0.27,0.27,,,,0.06,0.06,0.06,,,,0.77,0.71,0.84,,,,"0 hours, 0 minutes, 45 seconds",,THP_NoFilters,default_filters,default_4stage_multimer
THP_NoFilters_l22_s105706_mpnn2,4stage,22,105706,-0.3,15-25,DPVDMAMKLFGWSREEAREILD,"B1,B2,B5,B6,B9,B10,B12,B16,B20,B21,B22",1.0,0.42,0.86,0.86,0.86,,,,0.57,0.56,0.59,,,,0.55,0.54,0.57,,,,0.22,0.22,0.22,,,,0.3,0.3,0.3,,,,0.0,0,0,,,,0.0,0,0,,,,1.0,1,1,,,,0.0,0,0,,,,-52.04,-50.17,-53.91,,,,0.44,0.44,0.44,,,,0.81,0.8,0.83,,,,0.65,0.62,0.67,,,,-31.21,-30.98,-31.44,,,,846.34,838.1,854.57,,,,-3.69,-3.7,-3.68,,,,56.92,56.32,57.53,,,,80.81,88.89,72.73,,,,10.0,9,11,,,,1.0,1,1,,,,10.1,11.11,9.09,,,,0.0,0.0,0.0,,,,0.0,0.0,0.0,,,,0.0,0,0,,,,0.0,0,0,,,,0.0,0,0,,,,0.0,0,0,,,,0.0,0,0,,,,0.0,0,0,,,,"{'A': 1.0, 'C': 0.0, 'D': 1.5, 'E': 0.5, 'F': 1.0, 'G': 0.0, 'H': 0.0, 'I': 1.0, 'K': 0.0, 'L': 2.0, 'M': 1.0, 'N': 0.0, 'P': 1.0, 'Q': 0.0, 'R': 0.0, 'S': 0.0, 'T': 0.0, 'V': 0.0, 'W': 1.0, 'Y': 0.0}","{'A': 1, 'C': 0, 'D': 1, 'E': 0, 'F': 1, 'G': 0, 'H': 0, 'I': 1, 'K': 0, 'L': 2, 'M': 1, 'N': 0, 'P': 1, 'Q': 0, 'R': 0, 'S': 0, 'T': 0, 'V': 0, 'W': 1, 'Y': 0}","{'A': 1, 'C': 0, 'D': 2, 'E': 1, 'F': 1, 'G': 0, 'H': 0, 'I': 1, 'K': 0, 'L': 2, 'M': 1, 'N': 0, 'P': 1, 'Q': 0, 'R': 0, 'S': 0, 'T': 0, 'V': 0, 'W': 1, 'Y': 0}",,,,1.79,2.02,1.57,,,,1.05,1.31,0.79,,,,0.94,0.94,0.95,,,,0.27,0.26,0.27,,,,0.07,0.07,0.06,,,,0.71,0.67,0.75,,,,"0 hours, 0 minutes, 7 seconds",,THP_NoFilters,default_filters,default_4stage_multimer
THP_NoFilters_l22_s105706_mpnn3,4stage,22,105706,-0.3,15-25,DPVEMAMKLFGWSREEAREILD,"B1,B2,B5,B6,B9,B10,B12,B16,B19,B20,B21,B22",1.01,0.42,0.86,0.86,0.86,,,,0.58,0.56,0.6,,,,0.56,0.55,0.58,,,,0.21,0.22,0.21,,,,0.3,0.3,0.3,,,,0.0,0,0,,,,0.0,0,0,,,,1.5,2,1,,,,0.0,0,0,,,,-46.03,-46.58,-45.49,,,,0.44,0.44,0.44,,,,0.78,0.82,0.75,,,,0.7,0.67,0.72,,,,-26.28,-25.79,-26.77,,,,934.05,882.74,985.36,,,,-2.82,-2.92,-2.72,,,,62.64,56.68,68.6,,,,69.7,72.73,66.67,,,,11.5,11,12,,,,1.5,2,1,,,,13.25,18.18,8.33,,,,0.5,0.0,1.0,,,,4.17,0.0,8.33,,,,0.0,0,0,,,,0.0,0,0,,,,0.0,0,0,,,,0.0,0,0,,,,0.0,0,0,,,,0.0,0,0,,,,"{'A': 1.0, 'C': 0.0, 'D': 2.0, 'E': 1.5, 'F': 1.0, 'G': 0.0, 'H': 0.0, 'I': 1.0, 'K': 0.0, 'L': 2.0, 'M': 1.0, 'N': 0.0, 'P': 1.0, 'Q': 0.0, 'R': 0.0, 'S': 0.0, 'T': 0.0, 'V': 0.0, 'W': 1.0, 'Y': 0.0}","{'A': 1, 'C': 0, 'D': 2, 'E': 1, 'F': 1, 'G': 0, 'H': 0, 'I': 1, 'K': 0, 'L': 2, 'M': 1, 'N': 0, 'P': 1, 'Q': 0, 'R': 0, 'S': 0, 'T': 0, 'V': 0, 'W': 1, 'Y': 0}","{'A': 1, 'C': 0, 'D': 2, 'E': 2, 'F': 1, 'G': 0, 'H': 0, 'I': 1, 'K': 0, 'L': 2, 'M': 1, 'N': 0, 'P': 1, 'Q': 0, 'R': 0, 'S': 0, 'T': 0, 'V': 0, 'W': 1, 'Y': 0}",,,,1.67,1.92,1.43,,,,0.98,1.23,0.74,,,,0.95,0.95,0.95,,,,0.27,0.26,0.27,,,,0.07,0.07,0.06,,,,0.71,0.68,0.74,,,,"0 hours, 0 minutes, 6 seconds",,THP_NoFilters,default_filters,default_4stage_multimer
THP_NoFilters_l22_s105706_mpnn4,4stage,22,105706,-0.3,15-25,DPVDMAMELFGWSRAEARAILD,"B2,B5,B6,B9,B10,B12,B20,B21",1.01,0.33,0.87,0.85,0.89,,,,0.61,0.57,0.66,,,,0.58,0.51,0.66,,,,0.2,0.22,0.18,,,,0.28,0.3,0.25,,,,0.0,0,0,,,,0.0,0,0,,,,0.0,0,0,,,,0.0,0,0,,,,-45.49,-44.64,-46.34,,,,0.56,0.56,0.56,,,,0.82,0.83,0.82,,,,0.64,0.63,0.65,,,,-30.23,-29.2,-31.25,,,,843.06,854.89,831.23,,,,-3.59,-3.42,-3.76,,,,61.8,62.87,60.74,,,,94.44,88.89,100.0,,,,8.5,9,8,,,,1.5,1,2,,,,18.05,11.11,25.0,,,,0.0,0.0,0.0,,,,0.0,0.0,0.0,,,,0.0,0,0,,,,0.0,0,0,,,,0.0,0,0,,,,0.0,0,0,,,,0.0,0,0,,,,0.0,0,0,,,,"{'A': 1.0, 'C': 0.0, 'D': 0.5, 'E': 0.0, 'F': 1.0, 'G': 0.0, 'H': 0.0, 'I': 1.0, 'K': 0.0, 'L': 2.0, 'M': 1.0, 'N': 0.0, 'P': 1.0, 'Q': 0.0, 'R': 0.0, 'S': 0.0, 'T': 0.0, 'V': 0.0, 'W': 1.0, 'Y': 0.0}","{'A': 1, 'C': 0, 'D': 1, 'E': 0, 'F': 1, 'G': 0, 'H': 0, 'I': 1, 'K': 0, 'L': 2, 'M': 1, 'N': 0, 'P': 1, 'Q': 0, 'R': 0, 'S': 0, 'T': 0, 'V': 0, 'W': 1, 'Y': 0}","{'A': 1, 'C': 0, 'D': 0, 'E': 0, 'F': 1, 'G': 0, 'H': 0, 'I': 1, 'K': 0, 'L': 2, 'M': 1, 'N': 0, 'P': 1, 'Q': 0, 'R': 0, 'S': 0, 'T': 0, 'V': 0, 'W': 1, 'Y': 0}",,,,1.15,1.3,1.0,,,,0.64,0.75,0.54,,,,0.95,0.95,0.96,,,,0.28,0.27,0.28,,,,0.06,0.06,0.06,,,,0.73,0.7,0.76,,,,"0 hours, 0 minutes, 8 seconds",,THP_NoFilters,default_filters,default_4stage_multimer
THP_NoFilters_l22_s105706_mpnn5,4stage,22,105706,-0.3,15-25,DPVDMAMELFGWSREEAREILD,"B1,B2,B5,B6,B9,B10,B12,B20,B21,B22",1.01,0.5,0.86,0.86,0.87,,,,0.59,0.57,0.61,,,,0.57,0.55,0.6,,,,0.21,0.21,0.21,,,,0.29,0.29,0.29,,,,0.0,0,0,,,,0.0,0,0,,,,1.0,1,1,,,,0.0,0,0,,,,-47.58,-51.53,-43.63,,,,0.42,0.44,0.41,,,,0.75,0.82,0.69,,,,0.59,0.59,0.59,,,,-27.03,-29.97,-24.09,,,,891.46,846.08,936.83,,,,-3.05,-3.54,-2.57,,,,61.1,57.77,64.43,,,,80.0,80.0,80.0,,,,10.0,10,10,,,,1.0,2,0,,,,10.0,20.0,0.0,,,,0.5,0.0,1.0,,,,5.0,0.0,10.0,,,,0.0,0,0,,,,0.0,0,0,,,,0.0,0,0,,,,0.0,0,0,,,,0.0,0,0,,,,0.0,0,0,,,,"{'A': 1.0, 'C': 0.0, 'D': 2.0, 'E': 0.0, 'F': 1.0, 'G': 0.0, 'H': 0.0, 'I': 1.0, 'K': 0.0, 'L': 2.0, 'M': 1.0, 'N': 0.0, 'P': 1.0, 'Q': 0.0, 'R': 0.0, 'S': 0.0, 'T': 0.0, 'V': 0.0, 'W': 1.0, 'Y': 0.0}","{'A': 1, 'C': 0, 'D': 2, 'E': 0, 'F': 1, 'G': 0, 'H': 0, 'I': 1, 'K': 0, 'L': 2, 'M': 1, 'N': 0, 'P': 1, 'Q': 0, 'R': 0, 'S': 0, 'T': 0, 'V': 0, 'W': 1, 'Y': 0}","{'A': 1, 'C': 0, 'D': 2, 'E': 0, 'F': 1, 'G': 0, 'H': 0, 'I': 1, 'K': 0, 'L': 2, 'M': 1, 'N': 0, 'P': 1, 'Q': 0, 'R': 0, 'S': 0, 'T': 0, 'V': 0, 'W': 1, 'Y': 0}",,,,1.69,1.76,1.61,,,,0.99,1.16,0.82,,,,0.95,0.95,0.96,,,,0.27,0.26,0.27,,,,0.06,0.06,0.06,,,,0.74,0.72,0.77,,,,"0 hours, 0 minutes, 8 seconds",,THP_NoFilters,default_filters,default_4stage_multimer
THP_NoFilters_l22_s105706_mpnn6,4stage,22,105706,-0.3,15-25,DPVKMAMELFGWSEEEAREILD,"B1,B2,B5,B6,B9,B10,B12,B16,B20,B21,B22",1.02,0.5,0.86,0.86,0.87,,,,0.58,0.56,0.61,,,,0.57,0.55,0.59,,,,0.21,0.21,0.21,,,,0.29,0.29,0.29,,,,0.0,0,0,,,,0.0,0,0,,,,0.5,1,0,,,,0.0,0,0,,,,-50.75,-47.05,-54.45,,,,0.42,0.41,0.44,,,,0.75,0.69,0.81,,,,0.56,0.53,0.6,,,,-28.59,-26.15,-31.03,,,,893.55,934.8,852.3,,,,-3.22,-2.8,-3.64,,,,60.49,62.73,58.25,,,,76.37,80.0,72.73,,,,10.5,10,11,,,,1.0,1,1,,,,9.54,10.0,9.09,,,,0.5,1.0,0.0,,,,5.0,10.0,0.0,,,,0.0,0,0,,,,0.0,0,0,,,,0.0,0,0,,,,0.0,0,0,,,,0.0,0,0,,,,0.0,0,0,,,,"{'A': 1.0, 'C': 0.0, 'D': 2.0, 'E': 0.5, 'F': 1.0, 'G': 0.0, 'H': 0.0, 'I': 1.0, 'K': 0.0, 'L': 2.0, 'M': 1.0, 'N': 0.0, 'P': 1.0, 'Q': 0.0, 'R': 0.0, 'S': 0.0, 'T': 0.0, 'V': 0.0, 'W': 1.0, 'Y': 0.0}","{'A': 1, 'C': 0, 'D': 2, 'E': 0, 'F': 1, 'G': 0, 'H': 0, 'I': 1, 'K': 0, 'L': 2, 'M': 1, 'N': 0, 'P': 1, 'Q': 0, 'R': 0, 'S': 0, 'T': 0, 'V': 0, 'W': 1, 'Y': 0}","{'A': 1, 'C': 0, 'D': 2, 'E': 1, 'F': 1, 'G': 0, 'H': 0, 'I': 1, 'K': 0, 'L': 2, 'M': 1, 'N': 0, 'P': 1, 'Q': 0, 'R': 0, 'S': 0, 'T': 0, 'V': 0, 'W': 1, 'Y': 0}",,,,1.68,2.03,1.33,,,,0.96,1.23,0.68,,,,0.95,0.95,0.95,,,,0.27,0.26,0.27,,,,0.07,0.07,0.06,,,,0.75,0.7,0.8,,,,"0 hours, 0 minutes, 8 seconds",,THP_NoFilters,default_filters,default_4stage_multimer
THP_NoFilters_l22_s105706_mpnn8,4stage,22,105706,-0.3,15-25,DPVEMAMKLFGWSREEARAILD,"B1,B2,B5,B6,B9,B10,B12,B20,B21",1.04,0.33,0.86,0.86,0.87,,,,0.58,0.56,0.61,,,,0.57,0.55,0.6,,,,0.21,0.21,0.2,,,,0.29,0.29,0.28,,,,0.0,0,0,,,,0.0,0,0,,,,1.0,1,1,,,,0.0,0,0,,,,-49.65,-46.68,-52.62,,,,0.5,0.5,0.5,,,,0.8,0.82,0.79,,,,0.63,0.61,0.65,,,,-26.13,-28.13,-24.14,,,,779.67,810.77,748.58,,,,-3.35,-3.47,-3.22,,,,53.67,54.88,52.46,,,,88.89,88.89,88.89,,,,9.0,9,9,,,,0.5,1,0,,,,5.55,11.11,0.0,,,,0.0,0.0,0.0,,,,0.0,0.0,0.0,,,,0.0,0,0,,,,0.0,0,0,,,,0.0,0,0,,,,0.0,0,0,,,,0.0,0,0,,,,0.0,0,0,,,,"{'A': 1.0, 'C': 0.0, 'D': 1.0, 'E': 0.0, 'F': 1.0, 'G': 0.0, 'H': 0.0, 'I': 1.0, 'K': 0.0, 'L': 2.0, 'M': 1.0, 'N': 0.0, 'P': 1.0, 'Q': 0.0, 'R': 0.0, 'S': 0.0, 'T': 0.0, 'V': 0.0, 'W': 1.0, 'Y': 0.0}","{'A': 1, 'C': 0, 'D': 1, 'E': 0, 'F': 1, 'G': 0, 'H': 0, 'I': 1, 'K': 0, 'L': 2, 'M': 1, 'N': 0, 'P': 1, 'Q': 0, 'R': 0, 'S': 0, 'T': 0, 'V': 0, 'W': 1, 'Y': 0}","{'A': 1, 'C': 0, 'D': 1, 'E': 0, 'F': 1, 'G': 0, 'H': 0, 'I': 1, 'K': 0, 'L': 2, 'M': 1, 'N': 0, 'P': 1, 'Q': 0, 'R': 0, 'S': 0, 'T': 0, 'V': 0, 'W': 1, 'Y': 0}",,,,1.23,1.31,1.15,,,,0.79,0.93,0.65,,,,0.95,0.95,0.95,,,,0.27,0.26,0.27,,,,0.06,0.06,0.06,,,,0.65,0.66,0.63,,,,"0 hours, 0 minutes, 5 seconds",,THP_NoFilters,default_filters,default_4stage_multimer
THP_NoFilters_l22_s105706_mpnn9,4stage,22,105706,-0.3,15-25,DPVAMAMKLFGWSEEEAREILD,"B1,B2,B5,B6,B9,B10,B12,B16,B20,B21,B22",1.06,0.42,0.87,0.87,0.87,,,,0.59,0.57,0.61,,,,0.57,0.56,0.59,,,,0.21,0.21,0.21,,,,0.29,0.29,0.28,,,,0.0,0,0,,,,0.0,0,0,,,,0.5,1,0,,,,0.0,0,0,,,,-53.03,-52.08,-53.99,,,,0.5,0.5,0.5,,,,0.81,0.81,0.81,,,,0.7,0.65,0.74,,,,-30.43,-30.78,-30.08,,,,867.17,846.85,887.5,,,,-3.51,-3.63,-3.39,,,,58.44,54.72,62.15,,,,76.37,80.0,72.73,,,,10.5,10,11,,,,1.5,2,1,,,,14.54,20.0,9.09,,,,0.0,0.0,0.0,,,,0.0,0.0,0.0,,,,0.0,0,0,,,,0.0,0,0,,,,0.0,0,0,,,,0.0,0,0,,,,0.0,0,0,,,,0.0,0,0,,,,"{'A': 1.0, 'C': 0.0, 'D': 2.0, 'E': 0.5, 'F': 1.0, 'G': 0.0, 'H': 0.0, 'I': 1.0, 'K': 0.0, 'L': 2.0, 'M': 1.0, 'N': 0.0, 'P': 1.0, 'Q': 0.0, 'R': 0.0, 'S': 0.0, 'T': 0.0, 'V': 0.0, 'W': 1.0, 'Y': 0.0}","{'A': 1, 'C': 0, 'D': 2, 'E': 0, 'F': 1, 'G': 0, 'H': 0, 'I': 1, 'K': 0, 'L': 2, 'M': 1, 'N': 0, 'P': 1, 'Q': 0, 'R': 0, 'S': 0, 'T': 0, 'V': 0, 'W': 1, 'Y': 0}","{'A': 1, 'C': 0, 'D': 2, 'E': 1, 'F': 1, 'G': 0, 'H': 0, 'I': 1, 'K': 0, 'L': 2, 'M': 1, 'N': 0, 'P': 1, 'Q': 0, 'R': 0, 'S': 0, 'T': 0, 'V': 0, 'W': 1, 'Y': 0}",,,,1.67,1.93,1.41,,,,1.02,1.3,0.74,,,,0.95,0.95,0.95,,,,0.27,0.26,0.27,,,,0.06,0.06,0.06,,,,0.71,0.68,0.73,,,,"0 hours, 0 minutes, 8 seconds",,THP_NoFilters,default_filters,default_4stage_multimer
THP_NoFilters_l22_s105706_mpnn12,4stage,22,105706,-0.3,15-25,DPVAMAMELFGWSEAEAREILD,"B1,B2,B5,B6,B9,B10,B12,B20,B21",1.08,0.42,0.87,0.86,0.88,,,,0.6,0.58,0.63,,,,0.57,0.54,0.61,,,,0.2,0.21,0.19,,,,0.28,0.28,0.27,,,,0.0,0,0,,,,0.0,0,0,,,,0.5,1,0,,,,0.0,0,0,,,,-44.71,-41.49,-47.93,,,,0.53,0.53,0.53,,,,0.78,0.76,0.8,,,,0.65,0.67,0.62,,,,-26.35,-27.94,-24.76,,,,859.42,880.53,838.31,,,,-3.06,-3.17,-2.95,,,,60.5,63.14,57.87,,,,84.44,80.0,88.89,,,,9.5,10,9,,,,1.0,1,1,,,,10.55,10.0,11.11,,,,0.0,0.0,0.0,,,,0.0,0.0,0.0,,,,0.0,0,0,,,,0.0,0,0,,,,0.0,0,0,,,,0.0,0,0,,,,0.0,0,0,,,,0.0,0,0,,,,"{'A': 1.0, 'C': 0.0, 'D': 1.5, 'E': 0.0, 'F': 1.0, 'G': 0.0, 'H': 0.0, 'I': 1.0, 'K': 0.0, 'L': 2.0, 'M': 1.0, 'N': 0.0, 'P': 1.0, 'Q': 0.0, 'R': 0.0, 'S': 0.0, 'T': 0.0, 'V': 0.0, 'W': 1.0, 'Y': 0.0}","{'A': 1, 'C': 0, 'D': 2, 'E': 0, 'F': 1, 'G': 0, 'H': 0, 'I': 1, 'K': 0, 'L': 2, 'M': 1, 'N': 0, 'P': 1, 'Q': 0, 'R': 0, 'S': 0, 'T': 0, 'V': 0, 'W': 1, 'Y': 0}","{'A': 1, 'C': 0, 'D': 1, 'E': 0, 'F': 1, 'G': 0, 'H': 0, 'I': 1, 'K': 0, 'L': 2, 'M': 1, 'N': 0, 'P': 1, 'Q': 0, 'R': 0, 'S': 0, 'T': 0, 'V': 0, 'W': 1, 'Y': 0}",,,,1.53,1.74,1.32,,,,0.78,0.95,0.62,,,,0.96,0.96,0.96,,,,0.27,0.27,0.27,,,,0.06,0.06,0.06,,,,0.79,0.76,0.81,,,,"0 hours, 0 minutes, 7 seconds",,THP_NoFilters,default_filters,default_4stage_multimer
THP_NoFilters_l22_s105706_mpnn14,4stage,22,105706,-0.3,15-25,DPVAMAMRLFGWSRAEAEEILD,"B1,B2,B5,B6,B9,B10,B12,B20,B21,B22",1.11,0.33,0.87,0.85,0.89,,,,0.6,0.57,0.64,,,,0.59,0.55,0.64,,,,0.2,0.21,0.19,,,,0.28,0.29,0.26,,,,0.0,0,0,,,,0.0,0,0,,,,0.5,1,0,,,,0.0,0,0,,,,-45.52,-45.89,-45.15,,,,0.53,0.53,0.53,,,,0.81,0.82,0.8,,,,0.64,0.64,0.63,,,,-29.15,-27.78,-30.52,,,,836.75,838.4,835.09,,,,-3.48,-3.31,-3.65,,,,57.02,56.01,58.04,,,,80.0,80.0,80.0,,,,10.0,10,10,,,,1.5,1,2,,,,15.0,10.0,20.0,,,,0.0,0.0,0.0,,,,0.0,0.0,0.0,,,,0.0,0,0,,,,0.0,0,0,,,,0.0,0,0,,,,0.0,0,0,,,,0.0,0,0,,,,0.0,0,0,,,,"{'A': 1.0, 'C': 0.0, 'D': 2.0, 'E': 0.0, 'F': 1.0, 'G': 0.0, 'H': 0.0, 'I': 1.0, 'K': 0.0, 'L': 2.0, 'M': 1.0, 'N': 0.0, 'P': 1.0, 'Q': 0.0, 'R': 0.0, 'S': 0.0, 'T': 0.0, 'V': 0.0, 'W': 1.0, 'Y': 0.0}","{'A': 1, 'C': 0, 'D': 2, 'E': 0, 'F': 1, 'G': 0, 'H': 0, 'I': 1, 'K': 0, 'L': 2, 'M': 1, 'N': 0, 'P': 1, 'Q': 0, 'R': 0, 'S': 0, 'T': 0, 'V': 0, 'W': 1, 'Y': 0}","{'A': 1, 'C': 0, 'D': 2, 'E': 0, 'F': 1, 'G': 0, 'H': 0, 'I': 1, 'K': 0, 'L': 2, 'M': 1, 'N': 0, 'P': 1, 'Q': 0, 'R': 0, 'S': 0, 'T': 0, 'V': 0, 'W': 1, 'Y': 0}",,,,1.29,1.38,1.21,,,,0.8,0.94,0.65,,,,0.95,0.95,0.96,,,,0.28,0.27,0.28,,,,0.06,0.06,0.06,,,,0.81,0.82,0.81,,,,"0 hours, 0 minutes, 7 seconds",,THP_NoFilters,default_filters,default_4stage_multimer
THP_NoFilters_l18_s659309_mpnn1,4stage,18,659309,-0.3,15-25,KTWTEEEAVAEYERMRNA,"B1,B2,B3,B4,B5,B8,B9,B11,B12,B15,B16",1.36,0.14,0.81,0.8,0.82,,,,0.59,0.55,0.63,,,,0.58,0.55,0.61,,,,0.22,0.24,0.21,,,,0.28,0.3,0.26,,,,0.0,0,0,,,,0.0,0,0,,,,1.5,0,3,,,,0.0,0,0,,,,-33.89,-33.33,-34.46,,,,0.35,0.35,0.35,,,,0.83,0.85,0.81,,,,0.7,0.69,0.71,,,,-38.16,-38.64,-37.67,,,,926.15,919.37,932.94,,,,-4.12,-4.2,-4.04,,,,58.76,57.67,59.84,,,,43.56,41.67,45.45,,,,11.5,12,11,,,,3.0,3,3,,,,26.13,25.0,27.27,,,,0.0,0.0,0.0,,,,0.0,0.0,0.0,,,,0.0,0,0,,,,0.0,0,0,,,,0.0,0,0,,,,0.0,0,0,,,,0.0,0,0,,,,0.0,0,0,,,,"{'A': 1.0, 'C': 0.0, 'D': 0.0, 'E': 2.5, 'F': 0.0, 'G': 0.0, 'H': 0.0, 'I': 0.0, 'K': 1.0, 'L': 0.0, 'M': 1.0, 'N': 0.0, 'P': 0.0, 'Q': 0.0, 'R': 1.0, 'S': 0.0, 'T': 2.0, 'V': 1.0, 'W': 1.0, 'Y': 1.0}","{'A': 1, 'C': 0, 'D': 0, 'E': 3, 'F': 0, 'G': 0, 'H': 0, 'I': 0, 'K': 1, 'L': 0, 'M': 1, 'N': 0, 'P': 0, 'Q': 0, 'R': 1, 'S': 0, 'T': 2, 'V': 1, 'W': 1, 'Y': 1}","{'A': 1, 'C': 0, 'D': 0, 'E': 2, 'F': 0, 'G': 0, 'H': 0, 'I': 0, 'K': 1, 'L': 0, 'M': 1, 'N': 0, 'P': 0, 'Q': 0, 'R': 1, 'S': 0, 'T': 2, 'V': 1, 'W': 1, 'Y': 1}",,,,1.9,2.01,1.78,,,,0.68,0.7,0.65,,,,0.89,0.89,0.88,,,,0.04,0.04,0.04,,,,0.12,0.13,0.12,,,,1.59,1.51,1.67,,,,"0 hours, 0 minutes, 51 seconds",,THP_NoFilters,default_filters,default_4stage_multimer
THP_NoFilters_l18_s659309_mpnn3,4stage,18,659309,-0.3,15-25,KTWTEEEAVAEYERMRNE,"B1,B2,B3,B4,B5,B8,B9,B11,B12,B13,B15,B16",1.39,0.29,0.81,0.81,0.81,,,,0.58,0.55,0.61,,,,0.57,0.55,0.59,,,,0.23,0.24,0.23,,,,0.29,0.3,0.28,,,,0.0,0,0,,,,0.0,0,0,,,,3.0,5,1,,,,0.0,0,0,,,,-32.13,-31.55,-32.72,,,,0.29,0.29,0.29,,,,0.79,0.81,0.77,,,,0.65,0.61,0.69,,,,-37.7,-38.77,-36.62,,,,906.82,918.75,894.88,,,,-4.15,-4.22,-4.09,,,,54.09,54.05,54.14,,,,41.67,41.67,41.67,,,,12.0,12,12,,,,2.5,3,2,,,,20.84,25.0,16.67,,,,0.5,0.0,1.0,,,,4.17,0.0,8.33,,,,0.0,0,0,,,,0.0,0,0,,,,0.0,0,0,,,,0.0,0,0,,,,0.0,0,0,,,,0.0,0,0,,,,"{'A': 1.0, 'C': 0.0, 'D': 0.0, 'E': 3.0, 'F': 0.0, 'G': 0.0, 'H': 0.0, 'I': 0.0, 'K': 1.0, 'L': 0.0, 'M': 1.0, 'N': 0.0, 'P': 0.0, 'Q': 0.0, 'R': 1.0, 'S': 0.0, 'T': 2.0, 'V': 1.0, 'W': 1.0, 'Y': 1.0}","{'A': 1, 'C': 0, 'D': 0, 'E': 3, 'F': 0, 'G': 0, 'H': 0, 'I': 0, 'K': 1, 'L': 0, 'M': 1, 'N': 0, 'P': 0, 'Q': 0, 'R': 1, 'S': 0, 'T': 2, 'V': 1, 'W': 1, 'Y': 1}","{'A': 1, 'C': 0, 'D': 0, 'E': 3, 'F': 0, 'G': 0, 'H': 0, 'I': 0, 'K': 1, 'L': 0, 'M': 1, 'N': 0, 'P': 0, 'Q': 0, 'R': 1, 'S': 0, 'T': 2, 'V': 1, 'W': 1, 'Y': 1}",,,,2.05,2.1,2.0,,,,0.67,0.64,0.7,,,,0.88,0.89,0.87,,,,0.04,0.04,0.04,,,,0.13,0.14,0.12,,,,1.74,1.68,1.8,,,,"0 hours, 0 minutes, 8 seconds",,THP_NoFilters,default_filters,default_4stage_multimer
THP_NoFilters_l18_s659309_mpnn6,4stage,18,659309,-0.3,15-25,KTWTEEEAVAEYERMRSA,"B1,B2,B3,B4,B5,B8,B9,B11,B12,B13,B15,B16",1.42,0.14,0.81,0.8,0.82,,,,0.59,0.56,0.63,,,,0.58,0.56,0.61,,,,0.23,0.25,0.22,,,,0.28,0.3,0.26,,,,0.0,0,0,,,,0.0,0,0,,,,0.0,0,0,,,,0.0,0,0,,,,-32.58,-32.31,-32.85,,,,0.35,0.35,0.35,,,,0.81,0.81,0.81,,,,0.64,0.63,0.64,,,,-37.61,-39.16,-36.07,,,,885.5,885.98,885.02,,,,-4.25,-4.42,-4.08,,,,56.58,57.09,56.07,,,,41.67,41.67,41.67,,,,12.0,12,12,,,,3.0,3,3,,,,25.0,25.0,25.0,,,,0.0,0.0,0.0,,,,0.0,0.0,0.0,,,,0.0,0,0,,,,0.0,0,0,,,,0.0,0,0,,,,0.0,0,0,,,,0.0,0,0,,,,0.0,0,0,,,,"{'A': 1.0, 'C': 0.0, 'D': 0.0, 'E': 3.0, 'F': 0.0, 'G': 0.0, 'H': 0.0, 'I': 0.0, 'K': 1.0, 'L': 0.0, 'M': 1.0, 'N': 0.0, 'P': 0.0, 'Q': 0.0, 'R': 1.0, 'S': 0.0, 'T': 2.0, 'V': 1.0, 'W': 1.0, 'Y': 1.0}","{'A': 1, 'C': 0, 'D': 0, 'E': 3, 'F': 0, 'G': 0, 'H': 0, 'I': 0, 'K': 1, 'L': 0, 'M': 1, 'N': 0, 'P': 0, 'Q': 0, 'R': 1, 'S': 0, 'T': 2, 'V': 1, 'W': 1, 'Y': 1}","{'A': 1, 'C': 0, 'D': 0, 'E': 3, 'F': 0, 'G': 0, 'H': 0, 'I': 0, 'K': 1, 'L': 0, 'M': 1, 'N': 0, 'P': 0, 'Q': 0, 'R': 1, 'S': 0, 'T': 2, 'V': 1, 'W': 1, 'Y': 1}",,,,1.99,2.19,1.79,,,,0.66,0.67,0.66,,,,0.88,0.89,0.87,,,,0.04,0.04,0.04,,,,0.12,0.12,0.12,,,,1.67,1.63,1.71,,,,"0 hours, 0 minutes, 8 seconds",,THP_NoFilters,default_filters,default_4stage_multimer
THP_NoFilters_l25_s580562_mpnn2,4stage,25,580562,-0.3,15-25,RREFILRWVREHMPHLLPMVEEMMA,"B1,B4,B5,B8,B9,B13,B16,B19,B20,B23,B24",1.19,0.54,0.84,0.85,0.84,,,,0.57,0.56,0.59,,,,0.56,0.56,0.56,,,,0.23,0.23,0.22,,,,0.32,0.32,0.31,,,,0.0,0,0,,,,0.0,0,0,,,,0.0,0,0,,,,0.0,0,0,,,,-44.23,-44.11,-44.34,,,,0.55,0.55,0.55,,,,0.75,0.8,0.7,,,,0.61,0.65,0.58,,,,-32.42,-32.29,-32.56,,,,906.12,894.86,917.38,,,,-3.58,-3.61,-3.55,,,,46.23,45.47,46.99,,,,87.12,83.33,90.91,,,,11.5,12,11,,,,0.5,1,0,,,,4.17,8.33,0.0,,,,0.0,0.0,0.0,,,,0.0,0.0,0.0,,,,0.0,0,0,,,,0.0,0,0,,,,0.0,0,0,,,,0.0,0,0,,,,0.0,0,0,,,,0.0,0,0,,,,"{'A': 0.0, 'C': 0.0, 'D': 0.0, 'E': 0.0, 'F': 1.0, 'G': 0.0, 'H': 0.5, 'I': 1.0, 'K': 0.0, 'L': 1.0, 'M': 4.0, 'N': 0.0, 'P': 0.0, 'Q': 0.0, 'R': 1.0, 'S': 0.0, 'T': 0.0, 'V': 2.0, 'W': 1.0, 'Y': 0.0}","{'A': 0, 'C': 0, 'D': 0, 'E': 0, 'F': 1, 'G': 0, 'H': 1, 'I': 1, 'K': 0, 'L': 1, 'M': 4, 'N': 0, 'P': 0, 'Q': 0, 'R': 1, 'S': 0, 'T': 0, 'V': 2, 'W': 1, 'Y': 0}","{'A': 0, 'C': 0, 'D': 0, 'E': 0, 'F': 1, 'G': 0, 'H': 0, 'I': 1, 'K': 0, 'L': 1, 'M': 4, 'N': 0, 'P': 0, 'Q': 0, 'R': 1, 'S': 0, 'T': 0, 'V': 2, 'W': 1, 'Y': 0}",,,,2.83,2.87,2.8,,,,0.91,1.12,0.7,,,,0.94,0.94,0.93,,,,0.4,0.39,0.4,,,,0.08,0.07,0.08,,,,1.58,1.38,1.79,,,,"0 hours, 0 minutes, 24 seconds",,THP_NoFilters,default_filters,default_4stage_multimer
THP_NoFilters_l25_s580562_mpnn5,4stage,25,580562,-0.3,15-25,RRDFILEWVRKHMPHLLPMVEEMMA,"B1,B4,B5,B8,B9,B13,B15,B16,B19,B20,B23,B24",1.2,0.46,0.84,0.84,0.84,,,,0.57,0.55,0.59,,,,0.55,0.54,0.57,,,,0.23,0.23,0.22,,,,0.32,0.32,0.31,,,,0.0,0,0,,,,0.0,0,0,,,,0.0,0,0,,,,0.0,0,0,,,,-42.57,-42.12,-43.02,,,,0.55,0.55,0.55,,,,0.72,0.8,0.63,,,,0.61,0.63,0.59,,,,-33.16,-34.92,-31.41,,,,961.12,928.35,993.88,,,,-3.46,-3.76,-3.16,,,,51.33,49.01,53.65,,,,83.33,83.33,83.33,,,,12.0,12,12,,,,1.0,1,1,,,,8.33,8.33,8.33,,,,0.0,0.0,0.0,,,,0.0,0.0,0.0,,,,0.0,0,0,,,,0.0,0,0,,,,0.0,0,0,,,,0.0,0,0,,,,0.0,0,0,,,,0.0,0,0,,,,"{'A': 0.0, 'C': 0.0, 'D': 0.0, 'E': 0.0, 'F': 1.0, 'G': 0.0, 'H': 1.0, 'I': 1.0, 'K': 0.0, 'L': 1.0, 'M': 4.0, 'N': 0.0, 'P': 0.0, 'Q': 0.0, 'R': 1.0, 'S': 0.0, 'T': 0.0, 'V': 2.0, 'W': 1.0, 'Y': 0.0}","{'A': 0, 'C': 0, 'D': 0, 'E': 0, 'F': 1, 'G': 0, 'H': 1, 'I': 1, 'K': 0, 'L': 1, 'M': 4, 'N': 0, 'P': 0, 'Q': 0, 'R': 1, 'S': 0, 'T': 0, 'V': 2, 'W': 1, 'Y': 0}","{'A': 0, 'C': 0, 'D': 0, 'E': 0, 'F': 1, 'G': 0, 'H': 1, 'I': 1, 'K': 0, 'L': 1, 'M': 4, 'N': 0, 'P': 0, 'Q': 0, 'R': 1, 'S': 0, 'T': 0, 'V': 2, 'W': 1, 'Y': 0}",,,,2.63,2.81,2.45,,,,0.84,1.12,0.55,,,,0.93,0.92,0.93,,,,0.4,0.38,0.41,,,,0.08,0.09,0.08,,,,1.31,1.39,1.24,,,,"0 hours, 0 minutes, 9 seconds",,THP_NoFilters,default_filters,default_4stage_multimer
THP_NoFilters_l25_s580562_mpnn6,4stage,25,580562,-0.3,15-25,RRDFILEWVRRHMPHLLPMVQEMMA,"B1,B4,B5,B8,B9,B12,B13,B15,B16,B19,B20,B23,B24",1.21,0.38,0.84,0.84,0.84,,,,0.56,0.55,0.58,,,,0.54,0.53,0.55,,,,0.23,0.24,0.23,,,,0.32,0.32,0.32,,,,0.0,0,0,,,,0.0,0,0,,,,1.0,2,0,,,,0.0,0,0,,,,-39.42,-38.97,-39.87,,,,0.54,0.52,0.55,,,,0.74,0.76,0.73,,,,0.67,0.62,0.71,,,,-38.26,-40.43,-36.09,,,,1045.52,1041.77,1049.27,,,,-3.66,-3.88,-3.44,,,,55.06,54.63,55.5,,,,76.92,76.92,76.92,,,,13.0,13,13,,,,0.5,1,0,,,,3.85,7.69,0.0,,,,0.0,0.0,0.0,,,,0.0,0.0,0.0,,,,0.0,0,0,,,,0.0,0,0,,,,0.0,0,0,,,,0.0,0,0,,,,0.0,0,0,,,,0.0,0,0,,,,"{'A': 0.0, 'C': 0.0, 'D': 0.0, 'E': 0.0, 'F': 1.0, 'G': 0.0, 'H': 2.0, 'I': 1.0, 'K': 0.0, 'L': 1.0, 'M': 4.0, 'N': 0.0, 'P': 0.0, 'Q': 0.0, 'R': 1.0, 'S': 0.0, 'T': 0.0, 'V': 2.0, 'W': 1.0, 'Y': 0.0}","{'A': 0, 'C': 0, 'D': 0, 'E': 0, 'F': 1, 'G': 0, 'H': 2, 'I': 1, 'K': 0, 'L': 1, 'M': 4, 'N': 0, 'P': 0, 'Q': 0, 'R': 1, 'S': 0, 'T': 0, 'V': 2, 'W': 1, 'Y': 0}","{'A': 0, 'C': 0, 'D': 0, 'E': 0, 'F': 1, 'G': 0, 'H': 2, 'I': 1, 'K': 0, 'L': 1, 'M': 4, 'N': 0, 'P': 0, 'Q': 0, 'R': 1, 'S': 0, 'T': 0, 'V': 2, 'W': 1, 'Y': 0}",,,,2.69,2.82,2.56,,,,0.81,1.07,0.55,,,,0.91,0.9,0.91,,,,0.39,0.38,0.39,,,,0.1,0.1,0.09,,,,1.92,2.59,1.26,,,,"0 hours, 0 minutes, 7 seconds",,THP_NoFilters,default_filters,default_4stage_multimer
THP_NoFilters_l25_s580562_mpnn7,4stage,25,580562,-0.3,15-25,RREFILAWVREHMPHLLPMVEEMMA,"B1,B4,B5,B8,B9,B13,B15,B16,B19,B20,B23,B24",1.21,0.54,0.85,0.85,0.85,,,,0.58,0.57,0.6,,,,0.57,0.57,0.58,,,,0.22,0.23,0.21,,,,0.3,0.31,0.29,,,,0.0,0,0,,,,0.0,0,0,,,,0.0,0,0,,,,0.0,0,0,,,,-44.91,-43.5,-46.31,,,,0.59,0.59,0.59,,,,0.78,0.81,0.74,,,,0.62,0.61,0.63,,,,-33.4,-35.1,-31.7,,,,944.02,878.0,1010.04,,,,-3.57,-4.0,-3.14,,,,50.19,46.75,53.62,,,,82.57,81.82,83.33,,,,11.5,11,12,,,,1.5,2,1,,,,13.25,18.18,8.33,,,,0.0,0.0,0.0,,,,0.0,0.0,0.0,,,,0.0,0,0,,,,0.0,0,0,,,,0.0,0,0,,,,0.0,0,0,,,,0.0,0,0,,,,0.0,0,0,,,,"{'A': 0.0, 'C': 0.0, 'D': 0.0, 'E': 0.0, 'F': 0.5, 'G': 0.0, 'H': 1.0, 'I': 1.0, 'K': 0.0, 'L': 1.0, 'M': 4.0, 'N': 0.0, 'P': 0.0, 'Q': 0.0, 'R': 1.0, 'S': 0.0, 'T': 0.0, 'V': 2.0, 'W': 1.0, 'Y': 0.0}","{'A': 0, 'C': 0, 'D': 0, 'E': 0, 'F': 0, 'G': 0, 'H': 1, 'I': 1, 'K': 0, 'L': 1, 'M': 4, 'N': 0, 'P': 0, 'Q': 0, 'R': 1, 'S': 0, 'T': 0, 'V': 2, 'W': 1, 'Y': 0}","{'A': 0, 'C': 0, 'D': 0, 'E': 0, 'F': 1, 'G': 0, 'H': 1, 'I': 1, 'K': 0, 'L': 1, 'M': 4, 'N': 0, 'P': 0, 'Q': 0, 'R': 1, 'S': 0, 'T': 0, 'V': 2, 'W': 1, 'Y': 0}",,,,2.6,2.68,2.52,,,,0.78,1.03,0.54,,,,0.94,0.94,0.94,,,,0.41,0.41,0.42,,,,0.07,0.07,0.07,,,,1.73,1.4,2.06,,,,"0 hours, 0 minutes, 9 seconds",,THP_NoFilters,default_filters,default_4stage_multimer
THP_NoFilters_l25_s580562_mpnn11,4stage,25,580562,-0.3,15-25,RREFILEWVREHMPHLLPMVQEMMA,"B1,B5,B8,B9,B13,B15,B16,B19,B20,B23,B24",1.24,0.46,0.84,0.85,0.84,,,,0.58,0.56,0.6,,,,0.56,0.55,0.56,,,,0.22,0.23,0.21,,,,0.3,0.31,0.29,,,,0.0,0,0,,,,0.0,0,0,,,,0.0,0,0,,,,0.0,0,0,,,,-43.88,-44.18,-43.57,,,,0.55,0.55,0.55,,,,0.77,0.75,0.79,,,,0.57,0.55,0.59,,,,-34.06,-33.69,-34.43,,,,904.59,947.12,862.06,,,,-3.78,-3.56,-3.99,,,,46.86,50.02,43.7,,,,82.57,83.33,81.82,,,,11.5,12,11,,,,0.5,0,1,,,,4.54,0.0,9.09,,,,0.5,1.0,0.0,,,,4.17,8.33,0.0,,,,0.0,0,0,,,,0.0,0,0,,,,0.0,0,0,,,,0.0,0,0,,,,0.0,0,0,,,,0.0,0,0,,,,"{'A': 0.0, 'C': 0.0, 'D': 0.0, 'E': 0.0, 'F': 0.5, 'G': 0.0, 'H': 1.0, 'I': 1.0, 'K': 0.0, 'L': 1.0, 'M': 4.0, 'N': 0.0, 'P': 0.0, 'Q': 0.0, 'R': 1.0, 'S': 0.0, 'T': 0.0, 'V': 2.0, 'W': 1.0, 'Y': 0.0}","{'A': 0, 'C': 0, 'D': 0, 'E': 0, 'F': 1, 'G': 0, 'H': 1, 'I': 1, 'K': 0, 'L': 1, 'M': 4, 'N': 0, 'P': 0, 'Q': 0, 'R': 1, 'S': 0, 'T': 0, 'V': 2, 'W': 1, 'Y': 0}","{'A': 0, 'C': 0, 'D': 0, 'E': 0, 'F': 0, 'G': 0, 'H': 1, 'I': 1, 'K': 0, 'L': 1, 'M': 4, 'N': 0, 'P': 0, 'Q': 0, 'R': 1, 'S': 0, 'T': 0, 'V': 2, 'W': 1, 'Y': 0}",,,,2.66,2.65,2.67,,,,0.91,1.19,0.63,,,,0.93,0.93,0.93,,,,0.41,0.4,0.41,,,,0.08,0.08,0.08,,,,1.77,1.48,2.07,,,,"0 hours, 0 minutes, 9 seconds",,THP_NoFilters,default_filters,default_4stage_multimer
THP_NoFilters_l25_s580562_mpnn16,4stage,25,580562,-0.3,15-25,RRDFIIEWVERHMPHLLPMVQEMMA,"B1,B4,B5,B8,B9,B13,B15,B16,B19,B20,B23,B24",1.29,0.46,0.85,0.85,0.86,,,,0.6,0.57,0.64,,,,0.59,0.57,0.62,,,,0.22,0.23,0.2,,,,0.29,0.31,0.27,,,,0.0,0,0,,,,0.0,0,0,,,,1.0,2,0,,,,0.0,0,0,,,,-39.81,-35.66,-43.96,,,,0.54,0.52,0.55,,,,0.78,0.77,0.79,,,,0.64,0.66,0.62,,,,-36.69,-35.94,-37.43,,,,1009.96,1039.72,980.2,,,,-3.64,-3.46,-3.82,,,,52.93,54.49,51.37,,,,80.12,76.92,83.33,,,,12.5,13,12,,,,1.5,2,1,,,,11.86,15.38,8.33,,,,0.0,0.0,0.0,,,,0.0,0.0,0.0,,,,0.0,0,0,,,,0.0,0,0,,,,0.0,0,0,,,,0.0,0,0,,,,0.0,0,0,,,,0.0,0,0,,,,"{'A': 0.0, 'C': 0.0, 'D': 0.0, 'E': 0.0, 'F': 1.0, 'G': 0.0, 'H': 1.5, 'I': 1.0, 'K': 0.0, 'L': 1.0, 'M': 4.0, 'N': 0.0, 'P': 0.0, 'Q': 0.0, 'R': 1.0, 'S': 0.0, 'T': 0.0, 'V': 2.0, 'W': 1.0, 'Y': 0.0}","{'A': 0, 'C': 0, 'D': 0, 'E': 0, 'F': 1, 'G': 0, 'H': 2, 'I': 1, 'K': 0, 'L': 1, 'M': 4, 'N': 0, 'P': 0, 'Q': 0, 'R': 1, 'S': 0, 'T': 0, 'V': 2, 'W': 1, 'Y': 0}","{'A': 0, 'C': 0, 'D': 0, 'E': 0, 'F': 1, 'G': 0, 'H': 1, 'I': 1, 'K': 0, 'L': 1, 'M': 4, 'N': 0, 'P': 0, 'Q': 0, 'R': 1, 'S': 0, 'T': 0, 'V': 2, 'W': 1, 'Y': 0}",,,,2.41,2.48,2.34,,,,0.76,1.02,0.5,,,,0.92,0.91,0.92,,,,0.4,0.39,0.41,,,,0.09,0.1,0.08,,,,1.48,1.61,1.34,,,,"0 hours, 0 minutes, 6 seconds",,THP_NoFilters,default_filters,default_4stage_multimer
THP_NoFilters_l25_s580562_mpnn17,4stage,25,580562,-0.3,15-25,RRDFIIEWVERHMPHLLPMVQEMMD,"B1,B4,B5,B8,B9,B13,B15,B16,B19,B20,B23,B24",1.32,0.54,0.85,0.85,0.86,,,,0.59,0.56,0.62,,,,0.58,0.56,0.61,,,,0.22,0.23,0.2,,,,0.3,0.31,0.29,,,,0.0,0,0,,,,0.0,0,0,,,,0.0,0,0,,,,0.0,0,0,,,,-36.05,-28.82,-43.29,,,,0.51,0.52,0.5,,,,0.73,0.68,0.77,,,,0.54,0.52,0.55,,,,-34.65,-31.33,-37.97,,,,1088.37,1144.09,1032.64,,,,-3.21,-2.74,-3.68,,,,56.27,58.02,54.52,,,,80.12,76.92,83.33,,,,12.5,13,12,,,,1.5,2,1,,,,11.86,15.38,8.33,,,,0.0,0.0,0.0,,,,0.0,0.0,0.0,,,,0.0,0,0,,,,0.0,0,0,,,,0.0,0,0,,,,0.0,0,0,,,,0.0,0,0,,,,0.0,0,0,,,,"{'A': 0.0, 'C': 0.0, 'D': 0.0, 'E': 0.0, 'F': 1.0, 'G': 0.0, 'H': 1.5, 'I': 1.0, 'K': 0.0, 'L': 1.0, 'M': 4.0, 'N': 0.0, 'P': 0.0, 'Q': 0.0, 'R': 1.0, 'S': 0.0, 'T': 0.0, 'V': 2.0, 'W': 1.0, 'Y': 0.0}","{'A': 0, 'C': 0, 'D': 0, 'E': 0, 'F': 1, 'G': 0, 'H': 2, 'I': 1, 'K': 0, 'L': 1, 'M': 4, 'N': 0, 'P': 0, 'Q': 0, 'R': 1, 'S': 0, 'T': 0, 'V': 2, 'W': 1, 'Y': 0}","{'A': 0, 'C': 0, 'D': 0, 'E': 0, 'F': 1, 'G': 0, 'H': 1, 'I': 1, 'K': 0, 'L': 1, 'M': 4, 'N': 0, 'P': 0, 'Q': 0, 'R': 1, 'S': 0, 'T': 0, 'V': 2, 'W': 1, 'Y': 0}",,,,2.62,2.69,2.54,,,,0.78,1.02,0.54,,,,0.93,0.92,0.93,,,,0.41,0.39,0.42,,,,0.08,0.09,0.08,,,,1.34,1.41,1.28,,,,"0 hours, 0 minutes, 9 seconds",,THP_NoFilters,default_filters,default_4stage_multimer
THP_NoFilters_l24_s979376_mpnn1,4stage,24,979376,-0.3,15-25,KSLEEWLKEKFDPEIVAETMAEMK,"B3,B6,B7,B11,B12,B15,B16,B19,B20,B22,B23",1.15,0.42,0.81,0.82,0.81,,,,0.58,0.57,0.6,,,,0.56,0.56,0.57,,,,0.24,0.25,0.24,,,,0.32,0.32,0.31,,,,0.0,0,0,,,,0.0,0,0,,,,0.0,0,0,,,,0.0,0,0,,,,-49.73,-49.44,-50.03,,,,0.4,0.38,0.41,,,,0.78,0.74,0.82,,,,0.59,0.62,0.56,,,,-40.84,-40.27,-41.4,,,,1022.78,1045.97,999.59,,,,-4.0,-3.85,-4.14,,,,55.78,57.69,53.88,,,,69.7,66.67,72.73,,,,11.5,12,11,,,,2.0,2,2,,,,17.43,16.67,18.18,,,,0.5,1.0,0.0,,,,4.17,8.33,0.0,,,,0.0,0,0,,,,0.0,0,0,,,,0.0,0,0,,,,0.0,0,0,,,,0.0,0,0,,,,0.0,0,0,,,,"{'A': 0.0, 'C': 0.0, 'D': 1.0, 'E': 1.5, 'F': 1.0, 'G': 0.0, 'H': 0.0, 'I': 1.0, 'K': 0.0, 'L': 2.0, 'M': 2.0, 'N': 0.0, 'P': 0.0, 'Q': 0.0, 'R': 0.0, 'S': 0.0, 'T': 1.0, 'V': 1.0, 'W': 1.0, 'Y': 0.0}","{'A': 0, 'C': 0, 'D': 1, 'E': 2, 'F': 1, 'G': 0, 'H': 0, 'I': 1, 'K': 0, 'L': 2, 'M': 2, 'N': 0, 'P': 0, 'Q': 0, 'R': 0, 'S': 0, 'T': 1, 'V': 1, 'W': 1, 'Y': 0}","{'A': 0, 'C': 0, 'D': 1, 'E': 1, 'F': 1, 'G': 0, 'H': 0, 'I': 1, 'K': 0, 'L': 2, 'M': 2, 'N': 0, 'P': 0, 'Q': 0, 'R': 0, 'S': 0, 'T': 1, 'V': 1, 'W': 1, 'Y': 0}",,,,2.18,2.37,1.99,,,,0.82,0.94,0.7,,,,0.86,0.87,0.86,,,,0.27,0.26,0.28,,,,0.14,0.14,0.13,,,,1.6,1.59,1.62,,,,"0 hours, 0 minutes, 51 seconds",,THP_NoFilters,default_filters,default_4stage_multimer
THP_NoFilters_l24_s979376_mpnn2,4stage,24,979376,-0.3,15-25,KSLEEWLKEKFDPEIVAETMAEMR,"B3,B6,B7,B11,B12,B15,B16,B18,B19,B20,B23",1.17,0.42,0.83,0.83,0.83,,,,0.6,0.58,0.62,,,,0.59,0.58,0.61,,,,0.23,0.24,0.22,,,,0.3,0.31,0.29,,,,0.0,0,0,,,,0.0,0,0,,,,0.0,0,0,,,,0.5,1,0,,,,-46.1,-48.59,-43.61,,,,0.38,0.38,0.38,,,,0.8,0.78,0.83,,,,0.58,0.56,0.61,,,,-41.21,-43.81,-38.61,,,,1034.72,1051.91,1017.54,,,,-3.98,-4.17,-3.79,,,,59.06,59.45,58.68,,,,64.94,57.14,72.73,,,,12.5,14,11,,,,2.0,3,1,,,,15.26,21.43,9.09,,,,0.0,0.0,0.0,,,,0.0,0.0,0.0,,,,0.0,0,0,,,,0.0,0,0,,,,0.0,0,0,,,,0.0,0,0,,,,0.0,0,0,,,,0.0,0,0,,,,"{'A': 0.0, 'C': 0.0, 'D': 1.0, 'E': 2.0, 'F': 1.0, 'G': 0.0, 'H': 0.0, 'I': 1.0, 'K': 0.5, 'L': 2.0, 'M': 2.0, 'N': 0.0, 'P': 0.0, 'Q': 0.0, 'R': 0.0, 'S': 0.0, 'T': 1.0, 'V': 1.0, 'W': 1.0, 'Y': 0.0}","{'A': 0, 'C': 0, 'D': 1, 'E': 3, 'F': 1, 'G': 0, 'H': 0, 'I': 1, 'K': 1, 'L': 2, 'M': 2, 'N': 0, 'P': 0, 'Q': 0, 'R': 0, 'S': 0, 'T': 1, 'V': 1, 'W': 1, 'Y': 0}","{'A': 0, 'C': 0, 'D': 1, 'E': 1, 'F': 1, 'G': 0, 'H': 0, 'I': 1, 'K': 0, 'L': 2, 'M': 2, 'N': 0, 'P': 0, 'Q': 0, 'R': 0, 'S': 0, 'T': 1, 'V': 1, 'W': 1, 'Y': 0}",,,,2.01,2.08,1.94,,,,0.84,1.0,0.69,,,,0.86,0.86,0.86,,,,0.28,0.26,0.3,,,,0.14,0.14,0.13,,,,1.48,1.52,1.45,,,,"0 hours, 0 minutes, 8 seconds",Relaxed structure contains clashes.,THP_NoFilters,default_filters,default_4stage_multimer
THP_NoFilters_l24_s979376_mpnn3,4stage,24,979376,-0.3,15-25,KTLEEWLKEKFDPEIVAETMAEMR,"B3,B6,B7,B11,B12,B15,B16,B19,B20,B22,B23",1.17,0.5,0.82,0.83,0.82,,,,0.59,0.58,0.61,,,,0.59,0.58,0.6,,,,0.23,0.24,0.23,,,,0.3,0.31,0.3,,,,0.0,0,0,,,,0.0,0,0,,,,0.0,0,0,,,,0.0,0,0,,,,-45.2,-46.55,-43.84,,,,0.4,0.41,0.38,,,,0.74,0.72,0.76,,,,0.62,0.62,0.63,,,,-37.58,-38.66,-36.5,,,,1046.22,989.06,1103.38,,,,-3.61,-3.91,-3.31,,,,57.39,54.2,60.58,,,,72.73,72.73,72.73,,,,11.0,11,11,,,,1.5,2,1,,,,13.63,18.18,9.09,,,,0.0,0.0,0.0,,,,0.0,0.0,0.0,,,,0.0,0,0,,,,0.0,0,0,,,,0.0,0,0,,,,0.0,0,0,,,,0.0,0,0,,,,0.0,0,0,,,,"{'A': 0.0, 'C': 0.0, 'D': 1.0, 'E': 1.0, 'F': 1.0, 'G': 0.0, 'H': 0.0, 'I': 1.0, 'K': 0.0, 'L': 2.0, 'M': 2.0, 'N': 0.0, 'P': 0.0, 'Q': 0.0, 'R': 0.0, 'S': 0.0, 'T': 1.0, 'V': 1.0, 'W': 1.0, 'Y': 0.0}","{'A': 0, 'C': 0, 'D': 1, 'E': 1, 'F': 1, 'G': 0, 'H': 0, 'I': 1, 'K': 0, 'L': 2, 'M': 2, 'N': 0, 'P': 0, 'Q': 0, 'R': 0, 'S': 0, 'T': 1, 'V': 1, 'W': 1, 'Y': 0}","{'A': 0, 'C': 0, 'D': 1, 'E': 1, 'F': 1, 'G': 0, 'H': 0, 'I': 1, 'K': 0, 'L': 2, 'M': 2, 'N': 0, 'P': 0, 'Q': 0, 'R': 0, 'S': 0, 'T': 1, 'V': 1, 'W': 1, 'Y': 0}",,,,2.12,2.29,1.95,,,,0.84,1.0,0.69,,,,0.86,0.86,0.86,,,,0.28,0.26,0.29,,,,0.14,0.14,0.13,,,,1.59,1.67,1.51,,,,"0 hours, 0 minutes, 8 seconds",,THP_NoFilters,default_filters,default_4stage_multimer
THP_NoFilters_l24_s979376_mpnn4,4stage,24,979376,-0.3,15-25,KSLEEWLKEKFDPEIVDETMEEML,"B3,B6,B7,B11,B12,B15,B16,B18,B19,B20,B22,B23",1.19,0.5,0.85,0.84,0.86,,,,0.61,0.57,0.65,,,,0.6,0.57,0.63,,,,0.22,0.23,0.2,,,,0.29,0.31,0.26,,,,0.0,0,0,,,,0.0,0,0,,,,0.0,0,0,,,,0.0,0,0,,,,-46.65,-45.18,-48.12,,,,0.34,0.36,0.33,,,,0.79,0.8,0.77,,,,0.62,0.61,0.63,,,,-40.12,-41.35,-38.89,,,,1012.2,1035.65,988.75,,,,-3.96,-3.99,-3.93,,,,55.97,57.79,54.14,,,,66.67,66.67,66.67,,,,12.0,12,12,,,,1.5,1,2,,,,12.5,8.33,16.67,,,,0.0,0.0,0.0,,,,0.0,0.0,0.0,,,,0.0,0,0,,,,0.0,0,0,,,,0.0,0,0,,,,0.0,0,0,,,,0.0,0,0,,,,0.0,0,0,,,,"{'A': 0.0, 'C': 0.0, 'D': 1.0, 'E': 2.0, 'F': 1.0, 'G': 0.0, 'H': 0.0, 'I': 1.0, 'K': 0.0, 'L': 2.0, 'M': 2.0, 'N': 0.0, 'P': 0.0, 'Q': 0.0, 'R': 0.0, 'S': 0.0, 'T': 1.0, 'V': 1.0, 'W': 1.0, 'Y': 0.0}","{'A': 0, 'C': 0, 'D': 1, 'E': 2, 'F': 1, 'G': 0, 'H': 0, 'I': 1, 'K': 0, 'L': 2, 'M': 2, 'N': 0, 'P': 0, 'Q': 0, 'R': 0, 'S': 0, 'T': 1, 'V': 1, 'W': 1, 'Y': 0}","{'A': 0, 'C': 0, 'D': 1, 'E': 2, 'F': 1, 'G': 0, 'H': 0, 'I': 1, 'K': 0, 'L': 2, 'M': 2, 'N': 0, 'P': 0, 'Q': 0, 'R': 0, 'S': 0, 'T': 1, 'V': 1, 'W': 1, 'Y': 0}",,,,2.31,2.52,2.11,,,,0.79,0.9,0.68,,,,0.89,0.88,0.89,,,,0.3,0.29,0.32,,,,0.12,0.13,0.12,,,,1.19,1.19,1.18,,,,"0 hours, 0 minutes, 9 seconds",,THP_NoFilters,default_filters,default_4stage_multimer
THP_NoFilters_l24_s979376_mpnn5,4stage,24,979376,-0.3,15-25,KSLKEWLEEKFDPEIVAETMAEML,"B3,B6,B7,B11,B12,B15,B16,B19,B20,B22,B23",1.2,0.5,0.83,0.83,0.83,,,,0.6,0.57,0.63,,,,0.58,0.56,0.61,,,,0.22,0.24,0.21,,,,0.29,0.31,0.27,,,,0.0,0,0,,,,0.0,0,0,,,,1.0,1,1,,,,0.5,0,1,,,,-48.5,-47.73,-49.27,,,,0.44,0.43,0.45,,,,0.78,0.78,0.78,,,,0.56,0.64,0.49,,,,-40.05,-41.18,-38.93,,,,972.39,972.97,971.82,,,,-4.12,-4.23,-4.01,,,,53.22,53.91,52.54,,,,69.7,66.67,72.73,,,,11.5,12,11,,,,2.5,3,2,,,,21.59,25.0,18.18,,,,0.0,0.0,0.0,,,,0.0,0.0,0.0,,,,0.0,0,0,,,,0.0,0,0,,,,0.0,0,0,,,,0.0,0,0,,,,0.0,0,0,,,,0.0,0,0,,,,"{'A': 0.0, 'C': 0.0, 'D': 1.0, 'E': 1.5, 'F': 1.0, 'G': 0.0, 'H': 0.0, 'I': 1.0, 'K': 0.0, 'L': 2.0, 'M': 2.0, 'N': 0.0, 'P': 0.0, 'Q': 0.0, 'R': 0.0, 'S': 0.0, 'T': 1.0, 'V': 1.0, 'W': 1.0, 'Y': 0.0}","{'A': 0, 'C': 0, 'D': 1, 'E': 2, 'F': 1, 'G': 0, 'H': 0, 'I': 1, 'K': 0, 'L': 2, 'M': 2, 'N': 0, 'P': 0, 'Q': 0, 'R': 0, 'S': 0, 'T': 1, 'V': 1, 'W': 1, 'Y': 0}","{'A': 0, 'C': 0, 'D': 1, 'E': 1, 'F': 1, 'G': 0, 'H': 0, 'I': 1, 'K': 0, 'L': 2, 'M': 2, 'N': 0, 'P': 0, 'Q': 0, 'R': 0, 'S': 0, 'T': 1, 'V': 1, 'W': 1, 'Y': 0}",,,,2.16,2.19,2.12,,,,0.84,1.0,0.68,,,,0.88,0.88,0.87,,,,0.29,0.28,0.3,,,,0.13,0.13,0.13,,,,1.52,1.47,1.58,,,,"0 hours, 0 minutes, 7 seconds",Relaxed structure contains clashes.,THP_NoFilters,default_filters,default_4stage_multimer
THP_NoFilters_l24_s979376_mpnn6,4stage,24,979376,-0.3,15-25,KSLEEWLKEKFDPEIVDETMAEML,"B3,B6,B7,B11,B12,B15,B16,B18,B19,B20,B22,B23",1.22,0.42,0.84,0.84,0.85,,,,0.6,0.58,0.63,,,,0.59,0.57,0.61,,,,0.22,0.23,0.21,,,,0.29,0.3,0.28,,,,0.0,0,0,,,,0.0,0,0,,,,0.5,1,0,,,,0.0,0,0,,,,-48.63,-48.96,-48.3,,,,0.38,0.35,0.41,,,,0.77,0.76,0.77,,,,0.66,0.64,0.68,,,,-40.7,-43.04,-38.36,,,,1044.33,1091.2,997.45,,,,-3.9,-3.94,-3.85,,,,59.19,63.2,55.17,,,,64.11,61.54,66.67,,,,12.5,13,12,,,,2.0,3,1,,,,15.7,23.08,8.33,,,,0.0,0.0,0.0,,,,0.0,0.0,0.0,,,,0.0,0,0,,,,0.0,0,0,,,,0.0,0,0,,,,0.0,0,0,,,,0.0,0,0,,,,0.0,0,0,,,,"{'A': 0.0, 'C': 0.0, 'D': 1.0, 'E': 2.5, 'F': 1.0, 'G': 0.0, 'H': 0.0, 'I': 1.0, 'K': 0.0, 'L': 2.0, 'M': 2.0, 'N': 0.0, 'P': 0.0, 'Q': 0.0, 'R': 0.0, 'S': 0.0, 'T': 1.0, 'V': 1.0, 'W': 1.0, 'Y': 0.0}","{'A': 0, 'C': 0, 'D': 1, 'E': 3, 'F': 1, 'G': 0, 'H': 0, 'I': 1, 'K': 0, 'L': 2, 'M': 2, 'N': 0, 'P': 0, 'Q': 0, 'R': 0, 'S': 0, 'T': 1, 'V': 1, 'W': 1, 'Y': 0}","{'A': 0, 'C': 0, 'D': 1, 'E': 2, 'F': 1, 'G': 0, 'H': 0, 'I': 1, 'K': 0, 'L': 2, 'M': 2, 'N': 0, 'P': 0, 'Q': 0, 'R': 0, 'S': 0, 'T': 1, 'V': 1, 'W': 1, 'Y': 0}",,,,2.26,2.5,2.03,,,,0.76,0.93,0.6,,,,0.89,0.89,0.89,,,,0.32,0.3,0.33,,,,0.12,0.13,0.12,,,,1.24,1.27,1.21,,,,"0 hours, 0 minutes, 9 seconds",,THP_NoFilters,default_filters,default_4stage_multimer
THP_NoFilters_l24_s979376_mpnn7,4stage,24,979376,-0.3,15-25,KSLKEWLEEKFDPEIVAETMEEML,"B3,B6,B7,B11,B12,B15,B16,B19,B20,B22,B23",1.23,0.58,0.83,0.83,0.84,,,,0.6,0.57,0.64,,,,0.58,0.56,0.61,,,,0.22,0.24,0.21,,,,0.29,0.31,0.26,,,,0.0,0,0,,,,0.0,0,0,,,,0.0,0,0,,,,0.0,0,0,,,,-47.27,-46.76,-47.77,,,,0.38,0.38,0.38,,,,0.75,0.74,0.76,,,,0.53,0.56,0.49,,,,-40.24,-42.36,-38.12,,,,1056.15,1071.29,1041.01,,,,-3.81,-3.95,-3.66,,,,58.56,58.67,58.45,,,,69.7,66.67,72.73,,,,11.5,12,11,,,,2.5,3,2,,,,21.59,25.0,18.18,,,,0.0,0.0,0.0,,,,0.0,0.0,0.0,,,,0.0,0,0,,,,0.0,0,0,,,,0.0,0,0,,,,0.0,0,0,,,,0.0,0,0,,,,0.0,0,0,,,,"{'A': 0.0, 'C': 0.0, 'D': 1.0, 'E': 1.5, 'F': 1.0, 'G': 0.0, 'H': 0.0, 'I': 1.0, 'K': 0.0, 'L': 2.0, 'M': 2.0, 'N': 0.0, 'P': 0.0, 'Q': 0.0, 'R': 0.0, 'S': 0.0, 'T': 1.0, 'V': 1.0, 'W': 1.0, 'Y': 0.0}","{'A': 0, 'C': 0, 'D': 1, 'E': 2, 'F': 1, 'G': 0, 'H': 0, 'I': 1, 'K': 0, 'L': 2, 'M': 2, 'N': 0, 'P': 0, 'Q': 0, 'R': 0, 'S': 0, 'T': 1, 'V': 1, 'W': 1, 'Y': 0}","{'A': 0, 'C': 0, 'D': 1, 'E': 1, 'F': 1, 'G': 0, 'H': 0, 'I': 1, 'K': 0, 'L': 2, 'M': 2, 'N': 0, 'P': 0, 'Q': 0, 'R': 0, 'S': 0, 'T': 1, 'V': 1, 'W': 1, 'Y': 0}",,,,2.17,2.23,2.11,,,,0.78,0.9,0.66,,,,0.88,0.88,0.87,,,,0.29,0.28,0.3,,,,0.12,0.13,0.12,,,,1.33,1.23,1.44,,,,"0 hours, 0 minutes, 9 seconds",,THP_NoFilters,default_filters,default_4stage_multimer
THP_NoFilters_l24_s979376_mpnn8,4stage,24,979376,-0.3,15-25,MTLEEWLKEKFDPEIVDETMEEML,"B3,B6,B7,B11,B12,B15,B16,B18,B19,B20,B22,B23",1.26,0.5,0.86,0.86,0.87,,,,0.63,0.59,0.67,,,,0.63,0.6,0.66,,,,0.21,0.22,0.19,,,,0.27,0.29,0.24,,,,0.0,0,0,,,,0.0,0,0,,,,0.5,1,0,,,,0.0,0,0,,,,-47.89,-46.14,-49.63,,,,0.4,0.38,0.41,,,,0.79,0.8,0.78,,,,0.59,0.54,0.64,,,,-41.49,-44.13,-38.85,,,,1059.19,1094.49,1023.9,,,,-3.91,-4.03,-3.79,,,,59.02,60.86,57.19,,,,66.67,66.67,66.67,,,,12.0,12,12,,,,2.5,3,2,,,,20.84,25.0,16.67,,,,0.0,0.0,0.0,,,,0.0,0.0,0.0,,,,0.0,0,0,,,,0.0,0,0,,,,0.0,0,0,,,,0.0,0,0,,,,0.0,0,0,,,,0.0,0,0,,,,"{'A': 0.0, 'C': 0.0, 'D': 1.0, 'E': 2.0, 'F': 1.0, 'G': 0.0, 'H': 0.0, 'I': 1.0, 'K': 0.0, 'L': 2.0, 'M': 2.0, 'N': 0.0, 'P': 0.0, 'Q': 0.0, 'R': 0.0, 'S': 0.0, 'T': 1.0, 'V': 1.0, 'W': 1.0, 'Y': 0.0}","{'A': 0, 'C': 0, 'D': 1, 'E': 2, 'F': 1, 'G': 0, 'H': 0, 'I': 1, 'K': 0, 'L': 2, 'M': 2, 'N': 0, 'P': 0, 'Q': 0, 'R': 0, 'S': 0, 'T': 1, 'V': 1, 'W': 1, 'Y': 0}","{'A': 0, 'C': 0, 'D': 1, 'E': 2, 'F': 1, 'G': 0, 'H': 0, 'I': 1, 'K': 0, 'L': 2, 'M': 2, 'N': 0, 'P': 0, 'Q': 0, 'R': 0, 'S': 0, 'T': 1, 'V': 1, 'W': 1, 'Y': 0}",,,,2.14,2.3,1.98,,,,0.74,0.87,0.61,,,,0.9,0.9,0.9,,,,0.31,0.3,0.32,,,,0.11,0.12,0.11,,,,1.19,1.21,1.16,,,,"0 hours, 0 minutes, 8 seconds",,THP_NoFilters,default_filters,default_4stage_multimer
THP_NoFilters_l24_s979376_mpnn9,4stage,24,979376,-0.3,15-25,KSLKEWLEEKFDPEIVRETMAEME,"B3,B6,B7,B11,B12,B15,B16,B18,B19,B20,B23",1.26,0.5,0.85,0.85,0.85,,,,0.61,0.59,0.64,,,,0.62,0.6,0.65,,,,0.21,0.22,0.21,,,,0.28,0.29,0.27,,,,0.0,0,0,,,,0.0,0,0,,,,2.0,2,2,,,,0.0,0,0,,,,-50.17,-51.21,-49.14,,,,0.34,0.36,0.33,,,,0.72,0.74,0.71,,,,0.6,0.59,0.61,,,,-37.78,-39.77,-35.79,,,,992.57,1006.84,978.29,,,,-3.81,-3.95,-3.66,,,,53.43,54.74,52.12,,,,67.14,61.54,72.73,,,,12.0,13,11,,,,1.0,1,1,,,,8.39,7.69,9.09,,,,0.0,0.0,0.0,,,,0.0,0.0,0.0,,,,0.0,0,0,,,,0.0,0,0,,,,0.0,0,0,,,,0.0,0,0,,,,0.0,0,0,,,,0.0,0,0,,,,"{'A': 0.0, 'C': 0.0, 'D': 1.0, 'E': 2.0, 'F': 1.0, 'G': 0.0, 'H': 0.0, 'I': 1.0, 'K': 0.0, 'L': 2.0, 'M': 2.0, 'N': 0.0, 'P': 0.0, 'Q': 0.0, 'R': 0.0, 'S': 0.0, 'T': 1.0, 'V': 1.0, 'W': 1.0, 'Y': 0.0}","{'A': 0, 'C': 0, 'D': 1, 'E': 3, 'F': 1, 'G': 0, 'H': 0, 'I': 1, 'K': 0, 'L': 2, 'M': 2, 'N': 0, 'P': 0, 'Q': 0, 'R': 0, 'S': 0, 'T': 1, 'V': 1, 'W': 1, 'Y': 0}","{'A': 0, 'C': 0, 'D': 1, 'E': 1, 'F': 1, 'G': 0, 'H': 0, 'I': 1, 'K': 0, 'L': 2, 'M': 2, 'N': 0, 'P': 0, 'Q': 0, 'R': 0, 'S': 0, 'T': 1, 'V': 1, 'W': 1, 'Y': 0}",,,,1.96,1.99,1.92,,,,0.8,0.92,0.68,,,,0.89,0.89,0.89,,,,0.3,0.29,0.31,,,,0.11,0.12,0.11,,,,1.29,1.12,1.45,,,,"0 hours, 0 minutes, 7 seconds",,THP_NoFilters,default_filters,default_4stage_multimer
THP_NoFilters_l24_s979376_mpnn10,4stage,24,979376,-0.3,15-25,MTLEEWLKEKFDPEIVAETMAEMR,"B3,B6,B7,B11,B12,B15,B16,B18,B19,B20,B22,B23",1.27,0.42,0.85,0.85,0.85,,,,0.62,0.6,0.64,,,,0.63,0.62,0.64,,,,0.21,0.22,0.21,,,,0.28,0.29,0.27,,,,0.0,0,0,,,,0.0,0,0,,,,0.5,1,0,,,,0.0,0,0,,,,-46.45,-48.92,-43.98,,,,0.43,0.43,0.43,,,,0.77,0.76,0.78,,,,0.62,0.69,0.55,,,,-41.81,-43.84,-39.79,,,,1055.75,1087.13,1024.37,,,,-3.96,-4.03,-3.88,,,,58.47,59.39,57.55,,,,64.11,61.54,66.67,,,,12.5,13,12,,,,2.5,3,2,,,,19.88,23.08,16.67,,,,0.0,0.0,0.0,,,,0.0,0.0,0.0,,,,0.0,0,0,,,,0.0,0,0,,,,0.0,0,0,,,,0.0,0,0,,,,0.0,0,0,,,,0.0,0,0,,,,"{'A': 0.0, 'C': 0.0, 'D': 1.0, 'E': 2.5, 'F': 1.0, 'G': 0.0, 'H': 0.0, 'I': 1.0, 'K': 0.0, 'L': 2.0, 'M': 2.0, 'N': 0.0, 'P': 0.0, 'Q': 0.0, 'R': 0.0, 'S': 0.0, 'T': 1.0, 'V': 1.0, 'W': 1.0, 'Y': 0.0}","{'A': 0, 'C': 0, 'D': 1, 'E': 3, 'F': 1, 'G': 0, 'H': 0, 'I': 1, 'K': 0, 'L': 2, 'M': 2, 'N': 0, 'P': 0, 'Q': 0, 'R': 0, 'S': 0, 'T': 1, 'V': 1, 'W': 1, 'Y': 0}","{'A': 0, 'C': 0, 'D': 1, 'E': 2, 'F': 1, 'G': 0, 'H': 0, 'I': 1, 'K': 0, 'L': 2, 'M': 2, 'N': 0, 'P': 0, 'Q': 0, 'R': 0, 'S': 0, 'T': 1, 'V': 1, 'W': 1, 'Y': 0}",,,,2.0,2.13,1.88,,,,0.82,0.91,0.72,,,,0.88,0.88,0.88,,,,0.3,0.29,0.31,,,,0.12,0.13,0.12,,,,1.37,1.45,1.29,,,,"0 hours, 0 minutes, 8 seconds",,THP_NoFilters,default_filters,default_4stage_multimer
THP_NoFilters_l24_s979376_mpnn11,4stage,24,979376,-0.3,15-25,MSLREWLKEKFDPEIVDETMAEME,"B3,B6,B7,B11,B12,B15,B16,B18,B19,B20,B22,B23",1.28,0.33,0.86,0.86,0.86,,,,0.62,0.61,0.64,,,,0.64,0.62,0.65,,,,0.21,0.21,0.21,,,,0.28,0.28,0.27,,,,0.0,0,0,,,,0.0,0,0,,,,0.0,0,0,,,,0.0,0,0,,,,-41.86,-40.79,-42.92,,,,0.4,0.38,0.41,,,,0.76,0.77,0.74,,,,0.64,0.65,0.62,,,,-40.52,-41.46,-39.57,,,,1056.35,1082.77,1029.92,,,,-3.83,-3.83,-3.84,,,,57.3,60.74,53.85,,,,66.67,66.67,66.67,,,,12.0,12,12,,,,2.5,3,2,,,,20.84,25.0,16.67,,,,0.0,0.0,0.0,,,,0.0,0.0,0.0,,,,0.0,0,0,,,,0.0,0,0,,,,0.0,0,0,,,,0.0,0,0,,,,0.0,0,0,,,,0.0,0,0,,,,"{'A': 0.0, 'C': 0.0, 'D': 1.0, 'E': 2.0, 'F': 1.0, 'G': 0.0, 'H': 0.0, 'I': 1.0, 'K': 0.0, 'L': 2.0, 'M': 2.0, 'N': 0.0, 'P': 0.0, 'Q': 0.0, 'R': 0.0, 'S': 0.0, 'T': 1.0, 'V': 1.0, 'W': 1.0, 'Y': 0.0}","{'A': 0, 'C': 0, 'D': 1, 'E': 2, 'F': 1, 'G': 0, 'H': 0, 'I': 1, 'K': 0, 'L': 2, 'M': 2, 'N': 0, 'P': 0, 'Q': 0, 'R': 0, 'S': 0, 'T': 1, 'V': 1, 'W': 1, 'Y': 0}","{'A': 0, 'C': 0, 'D': 1, 'E': 2, 'F': 1, 'G': 0, 'H': 0, 'I': 1, 'K': 0, 'L': 2, 'M': 2, 'N': 0, 'P': 0, 'Q': 0, 'R': 0, 'S': 0, 'T': 1, 'V': 1, 'W': 1, 'Y': 0}",,,,1.98,2.09,1.88,,,,0.79,0.84,0.74,,,,0.91,0.9,0.91,,,,0.33,0.32,0.34,,,,0.11,0.11,0.1,,,,1.04,1.0,1.09,,,,"0 hours, 0 minutes, 9 seconds",,THP_NoFilters,default_filters,default_4stage_multimer
THP_NoFilters_l24_s979376_mpnn12,4stage,24,979376,-0.3,15-25,KTLKEWLEEKFDPEIVEETMAEML,"B3,B6,B7,B11,B12,B15,B16,B19,B20,B22,B23",1.29,0.67,0.84,0.84,0.84,,,,0.6,0.58,0.63,,,,0.59,0.57,0.61,,,,0.23,0.23,0.22,,,,0.29,0.3,0.28,,,,0.0,0,0,,,,0.0,0,0,,,,0.5,1,0,,,,0.5,0,1,,,,-49.97,-47.63,-52.31,,,,0.4,0.41,0.38,,,,0.8,0.8,0.79,,,,0.54,0.53,0.54,,,,-39.88,-40.25,-39.5,,,,999.15,1048.73,949.57,,,,-4.0,-3.84,-4.16,,,,54.78,57.28,52.28,,,,69.7,66.67,72.73,,,,11.5,12,11,,,,2.5,3,2,,,,21.59,25.0,18.18,,,,0.0,0.0,0.0,,,,0.0,0.0,0.0,,,,0.0,0,0,,,,0.0,0,0,,,,0.0,0,0,,,,0.0,0,0,,,,0.0,0,0,,,,0.0,0,0,,,,"{'A': 0.0, 'C': 0.0, 'D': 1.0, 'E': 1.5, 'F': 1.0, 'G': 0.0, 'H': 0.0, 'I': 1.0, 'K': 0.0, 'L': 2.0, 'M': 2.0, 'N': 0.0, 'P': 0.0, 'Q': 0.0, 'R': 0.0, 'S': 0.0, 'T': 1.0, 'V': 1.0, 'W': 1.0, 'Y': 0.0}","{'A': 0, 'C': 0, 'D': 1, 'E': 2, 'F': 1, 'G': 0, 'H': 0, 'I': 1, 'K': 0, 'L': 2, 'M': 2, 'N': 0, 'P': 0, 'Q': 0, 'R': 0, 'S': 0, 'T': 1, 'V': 1, 'W': 1, 'Y': 0}","{'A': 0, 'C': 0, 'D': 1, 'E': 1, 'F': 1, 'G': 0, 'H': 0, 'I': 1, 'K': 0, 'L': 2, 'M': 2, 'N': 0, 'P': 0, 'Q': 0, 'R': 0, 'S': 0, 'T': 1, 'V': 1, 'W': 1, 'Y': 0}",,,,2.08,2.14,2.01,,,,0.73,0.83,0.63,,,,0.89,0.9,0.88,,,,0.31,0.3,0.32,,,,0.12,0.12,0.12,,,,1.35,1.34,1.37,,,,"0 hours, 0 minutes, 8 seconds",Relaxed structure contains clashes.,THP_NoFilters,default_filters,default_4stage_multimer
THP_NoFilters_l24_s979376_mpnn13,4stage,24,979376,-0.3,15-25,MTLEEWLKEKFDPEIVDETMAEML,"B3,B6,B7,B11,B12,B15,B16,B19,B20,B22,B23",1.29,0.42,0.86,0.86,0.86,,,,0.63,0.6,0.66,,,,0.62,0.6,0.65,,,,0.21,0.22,0.2,,,,0.28,0.29,0.26,,,,0.0,0,0,,,,0.0,0,0,,,,0.5,1,0,,,,0.5,0,1,,,,-47.75,-48.9,-46.59,,,,0.44,0.45,0.43,,,,0.77,0.78,0.76,,,,0.68,0.68,0.67,,,,-40.67,-42.52,-38.83,,,,1036.14,1069.57,1002.72,,,,-3.92,-3.98,-3.87,,,,59.08,61.61,56.54,,,,69.7,66.67,72.73,,,,11.5,12,11,,,,2.5,3,2,,,,21.59,25.0,18.18,,,,0.0,0.0,0.0,,,,0.0,0.0,0.0,,,,0.0,0,0,,,,0.0,0,0,,,,0.0,0,0,,,,0.0,0,0,,,,0.0,0,0,,,,0.0,0,0,,,,"{'A': 0.0, 'C': 0.0, 'D': 1.0, 'E': 1.5, 'F': 1.0, 'G': 0.0, 'H': 0.0, 'I': 1.0, 'K': 0.0, 'L': 2.0, 'M': 2.0, 'N': 0.0, 'P': 0.0, 'Q': 0.0, 'R': 0.0, 'S': 0.0, 'T': 1.0, 'V': 1.0, 'W': 1.0, 'Y': 0.0}","{'A': 0, 'C': 0, 'D': 1, 'E': 2, 'F': 1, 'G': 0, 'H': 0, 'I': 1, 'K': 0, 'L': 2, 'M': 2, 'N': 0, 'P': 0, 'Q': 0, 'R': 0, 'S': 0, 'T': 1, 'V': 1, 'W': 1, 'Y': 0}","{'A': 0, 'C': 0, 'D': 1, 'E': 1, 'F': 1, 'G': 0, 'H': 0, 'I': 1, 'K': 0, 'L': 2, 'M': 2, 'N': 0, 'P': 0, 'Q': 0, 'R': 0, 'S': 0, 'T': 1, 'V': 1, 'W': 1, 'Y': 0}",,,,2.12,2.17,2.06,,,,0.67,0.75,0.59,,,,0.9,0.9,0.9,,,,0.32,0.31,0.33,,,,0.11,0.12,0.11,,,,1.25,1.3,1.19,,,,"0 hours, 0 minutes, 8 seconds",Relaxed structure contains clashes.,THP_NoFilters,default_filters,default_4stage_multimer
THP_NoFilters_l24_s979376_mpnn14,4stage,24,979376,-0.3,15-25,MSLEEWLKEKFDPEIVAETMAEMA,"B3,B6,B7,B11,B12,B15,B16,B18,B19,B20,B22,B23",1.3,0.33,0.84,0.85,0.84,,,,0.63,0.61,0.65,,,,0.63,0.62,0.64,,,,0.21,0.21,0.2,,,,0.27,0.28,0.26,,,,0.0,0,0,,,,0.0,0,0,,,,0.0,0,0,,,,0.5,0,1,,,,-43.7,-43.8,-43.6,,,,0.48,0.48,0.48,,,,0.79,0.79,0.78,,,,0.56,0.53,0.59,,,,-41.28,-43.84,-38.71,,,,1065.66,1105.28,1026.05,,,,-3.87,-3.97,-3.77,,,,64.07,67.02,61.12,,,,61.91,57.14,66.67,,,,13.0,14,12,,,,2.5,3,2,,,,19.05,21.43,16.67,,,,0.0,0.0,0.0,,,,0.0,0.0,0.0,,,,0.0,0,0,,,,0.0,0,0,,,,0.0,0,0,,,,0.0,0,0,,,,0.0,0,0,,,,0.0,0,0,,,,"{'A': 0.0, 'C': 0.0, 'D': 1.0, 'E': 2.5, 'F': 1.0, 'G': 0.0, 'H': 0.0, 'I': 1.0, 'K': 0.5, 'L': 2.0, 'M': 2.0, 'N': 0.0, 'P': 0.0, 'Q': 0.0, 'R': 0.0, 'S': 0.0, 'T': 1.0, 'V': 1.0, 'W': 1.0, 'Y': 0.0}","{'A': 0, 'C': 0, 'D': 1, 'E': 3, 'F': 1, 'G': 0, 'H': 0, 'I': 1, 'K': 1, 'L': 2, 'M': 2, 'N': 0, 'P': 0, 'Q': 0, 'R': 0, 'S': 0, 'T': 1, 'V': 1, 'W': 1, 'Y': 0}","{'A': 0, 'C': 0, 'D': 1, 'E': 2, 'F': 1, 'G': 0, 'H': 0, 'I': 1, 'K': 0, 'L': 2, 'M': 2, 'N': 0, 'P': 0, 'Q': 0, 'R': 0, 'S': 0, 'T': 1, 'V': 1, 'W': 1, 'Y': 0}",,,,1.92,1.9,1.95,,,,0.72,0.83,0.61,,,,0.87,0.88,0.86,,,,0.29,0.29,0.29,,,,0.12,0.12,0.12,,,,1.23,1.16,1.29,,,,"0 hours, 0 minutes, 8 seconds",Relaxed structure contains clashes.,THP_NoFilters,default_filters,default_4stage_multimer
THP_NoFilters_l24_s979376_mpnn15,4stage,24,979376,-0.3,15-25,KSLEEWLMEKFDPEIVRETMEEML,"B3,B6,B7,B11,B12,B15,B16,B18,B19,B20,B22,B23",1.31,0.5,0.85,0.84,0.86,,,,0.61,0.57,0.65,,,,0.61,0.58,0.65,,,,0.22,0.24,0.2,,,,0.29,0.31,0.26,,,,0.0,0,0,,,,0.0,0,0,,,,0.0,0,0,,,,0.5,0,1,,,,-51.18,-50.61,-51.75,,,,0.38,0.38,0.38,,,,0.8,0.79,0.81,,,,0.64,0.57,0.7,,,,-39.97,-41.46,-38.48,,,,1004.89,997.96,1011.83,,,,-3.98,-4.15,-3.8,,,,55.16,54.4,55.92,,,,66.67,66.67,66.67,,,,12.0,12,12,,,,2.0,2,2,,,,16.67,16.67,16.67,,,,0.0,0.0,0.0,,,,0.0,0.0,0.0,,,,0.0,0,0,,,,0.0,0,0,,,,0.0,0,0,,,,0.0,0,0,,,,0.0,0,0,,,,0.0,0,0,,,,"{'A': 0.0, 'C': 0.0, 'D': 1.0, 'E': 2.0, 'F': 1.0, 'G': 0.0, 'H': 0.0, 'I': 1.0, 'K': 0.0, 'L': 2.0, 'M': 2.0, 'N': 0.0, 'P': 0.0, 'Q': 0.0, 'R': 0.0, 'S': 0.0, 'T': 1.0, 'V': 1.0, 'W': 1.0, 'Y': 0.0}","{'A': 0, 'C': 0, 'D': 1, 'E': 2, 'F': 1, 'G': 0, 'H': 0, 'I': 1, 'K': 0, 'L': 2, 'M': 2, 'N': 0, 'P': 0, 'Q': 0, 'R': 0, 'S': 0, 'T': 1, 'V': 1, 'W': 1, 'Y': 0}","{'A': 0, 'C': 0, 'D': 1, 'E': 2, 'F': 1, 'G': 0, 'H': 0, 'I': 1, 'K': 0, 'L': 2, 'M': 2, 'N': 0, 'P': 0, 'Q': 0, 'R': 0, 'S': 0, 'T': 1, 'V': 1, 'W': 1, 'Y': 0}",,,,2.13,2.24,2.03,,,,0.9,1.09,0.71,,,,0.9,0.9,0.9,,,,0.32,0.31,0.33,,,,0.11,0.12,0.11,,,,1.22,1.14,1.3,,,,"0 hours, 0 minutes, 8 seconds",Relaxed structure contains clashes.,THP_NoFilters,default_filters,default_4stage_multimer
THP_NoFilters_l24_s979376_mpnn16,4stage,24,979376,-0.3,15-25,MSLKEWLEKKFDPEIVRETMEEML,"B3,B6,B7,B10,B11,B12,B15,B16,B19,B20,B22,B23",1.32,0.42,0.85,0.85,0.85,,,,0.62,0.59,0.65,,,,0.62,0.6,0.64,,,,0.22,0.23,0.2,,,,0.28,0.3,0.26,,,,0.0,0,0,,,,0.0,0,0,,,,0.0,0,0,,,,0.0,0,0,,,,-50.86,-52.7,-49.01,,,,0.41,0.41,0.41,,,,0.77,0.79,0.74,,,,0.59,0.59,0.6,,,,-40.2,-42.04,-38.37,,,,1016.3,1043.33,989.27,,,,-3.96,-4.03,-3.88,,,,53.53,55.42,51.65,,,,69.7,72.73,66.67,,,,11.5,11,12,,,,2.0,2,2,,,,17.43,18.18,16.67,,,,0.0,0.0,0.0,,,,0.0,0.0,0.0,,,,0.0,0,0,,,,0.0,0,0,,,,0.0,0,0,,,,0.0,0,0,,,,0.0,0,0,,,,0.0,0,0,,,,"{'A': 0.0, 'C': 0.0, 'D': 1.0, 'E': 1.0, 'F': 1.0, 'G': 0.0, 'H': 0.0, 'I': 1.0, 'K': 0.5, 'L': 2.0, 'M': 2.0, 'N': 0.0, 'P': 0.0, 'Q': 0.0, 'R': 0.0, 'S': 0.0, 'T': 1.0, 'V': 1.0, 'W': 1.0, 'Y': 0.0}","{'A': 0, 'C': 0, 'D': 1, 'E': 1, 'F': 1, 'G': 0, 'H': 0, 'I': 1, 'K': 0, 'L': 2, 'M': 2, 'N': 0, 'P': 0, 'Q': 0, 'R': 0, 'S': 0, 'T': 1, 'V': 1, 'W': 1, 'Y': 0}","{'A': 0, 'C': 0, 'D': 1, 'E': 1, 'F': 1, 'G': 0, 'H': 0, 'I': 1, 'K': 1, 'L': 2, 'M': 2, 'N': 0, 'P': 0, 'Q': 0, 'R': 0, 'S': 0, 'T': 1, 'V': 1, 'W': 1, 'Y': 0}",,,,1.99,1.94,2.04,,,,0.79,0.95,0.63,,,,0.89,0.89,0.88,,,,0.3,0.29,0.31,,,,0.11,0.12,0.11,,,,1.31,1.19,1.43,,,,"0 hours, 0 minutes, 9 seconds",,THP_NoFilters,default_filters,default_4stage_multimer
THP_NoFilters_l24_s979376_mpnn17,4stage,24,979376,-0.3,15-25,MSLEEWLSERFDPEIVAETMAEMR,"B3,B6,B7,B10,B11,B12,B15,B16,B18,B19,B20,B22,B23",1.32,0.33,0.86,0.86,0.87,,,,0.65,0.62,0.67,,,,0.67,0.65,0.68,,,,0.2,0.21,0.19,,,,0.27,0.28,0.25,,,,0.0,0,0,,,,0.0,0,0,,,,0.5,1,0,,,,0.5,0,1,,,,-43.31,-46.01,-40.62,,,,0.43,0.43,0.43,,,,0.8,0.78,0.81,,,,0.6,0.68,0.52,,,,-42.85,-45.51,-40.19,,,,1111.83,1101.69,1121.96,,,,-3.85,-4.13,-3.58,,,,61.65,63.08,60.22,,,,59.34,57.14,61.54,,,,13.5,14,13,,,,2.0,2,2,,,,14.84,14.29,15.38,,,,0.0,0.0,0.0,,,,0.0,0.0,0.0,,,,0.0,0,0,,,,0.0,0,0,,,,0.0,0,0,,,,0.0,0,0,,,,0.0,0,0,,,,0.0,0,0,,,,"{'A': 0.0, 'C': 0.0, 'D': 1.0, 'E': 2.5, 'F': 1.0, 'G': 0.0, 'H': 0.0, 'I': 1.0, 'K': 0.0, 'L': 2.0, 'M': 2.0, 'N': 0.0, 'P': 0.0, 'Q': 0.0, 'R': 1.0, 'S': 0.0, 'T': 1.0, 'V': 1.0, 'W': 1.0, 'Y': 0.0}","{'A': 0, 'C': 0, 'D': 1, 'E': 3, 'F': 1, 'G': 0, 'H': 0, 'I': 1, 'K': 0, 'L': 2, 'M': 2, 'N': 0, 'P': 0, 'Q': 0, 'R': 1, 'S': 0, 'T': 1, 'V': 1, 'W': 1, 'Y': 0}","{'A': 0, 'C': 0, 'D': 1, 'E': 2, 'F': 1, 'G': 0, 'H': 0, 'I': 1, 'K': 0, 'L': 2, 'M': 2, 'N': 0, 'P': 0, 'Q': 0, 'R': 1, 'S': 0, 'T': 1, 'V': 1, 'W': 1, 'Y': 0}",,,,1.98,1.95,2.0,,,,0.74,0.79,0.69,,,,0.9,0.9,0.9,,,,0.34,0.33,0.35,,,,0.11,0.11,0.1,,,,1.08,1.12,1.04,,,,"0 hours, 0 minutes, 9 seconds",Relaxed structure contains clashes.,THP_NoFilters,default_filters,default_4stage_multimer
THP_NoFilters_l24_s979376_mpnn18,4stage,24,979376,-0.3,15-25,MSLKEWLEQKFDPEIVRETMEEML,"B3,B6,B7,B11,B12,B15,B16,B18,B19,B20,B22,B23",1.37,0.42,0.85,0.85,0.86,,,,0.61,0.59,0.64,,,,0.62,0.61,0.64,,,,0.22,0.23,0.21,,,,0.29,0.3,0.27,,,,0.0,0,0,,,,0.0,0,0,,,,0.0,0,0,,,,0.5,0,1,,,,-47.12,-45.21,-49.02,,,,0.38,0.38,0.38,,,,0.79,0.79,0.79,,,,0.62,0.66,0.59,,,,-40.21,-41.91,-38.51,,,,1043.42,1073.84,1013.0,,,,-3.85,-3.9,-3.8,,,,56.55,57.78,55.31,,,,69.7,72.73,66.67,,,,11.5,11,12,,,,2.0,2,2,,,,17.43,18.18,16.67,,,,0.0,0.0,0.0,,,,0.0,0.0,0.0,,,,0.0,0,0,,,,0.0,0,0,,,,0.0,0,0,,,,0.0,0,0,,,,0.0,0,0,,,,0.0,0,0,,,,"{'A': 0.0, 'C': 0.0, 'D': 1.0, 'E': 1.5, 'F': 1.0, 'G': 0.0, 'H': 0.0, 'I': 1.0, 'K': 0.0, 'L': 2.0, 'M': 2.0, 'N': 0.0, 'P': 0.0, 'Q': 0.0, 'R': 0.0, 'S': 0.0, 'T': 1.0, 'V': 1.0, 'W': 1.0, 'Y': 0.0}","{'A': 0, 'C': 0, 'D': 1, 'E': 1, 'F': 1, 'G': 0, 'H': 0, 'I': 1, 'K': 0, 'L': 2, 'M': 2, 'N': 0, 'P': 0, 'Q': 0, 'R': 0, 'S': 0, 'T': 1, 'V': 1, 'W': 1, 'Y': 0}","{'A': 0, 'C': 0, 'D': 1, 'E': 2, 'F': 1, 'G': 0, 'H': 0, 'I': 1, 'K': 0, 'L': 2, 'M': 2, 'N': 0, 'P': 0, 'Q': 0, 'R': 0, 'S': 0, 'T': 1, 'V': 1, 'W': 1, 'Y': 0}",,,,2.12,2.08,2.17,,,,0.86,0.96,0.75,,,,0.89,0.89,0.88,,,,0.3,0.3,0.3,,,,0.11,0.12,0.11,,,,1.3,1.2,1.4,,,,"0 hours, 0 minutes, 9 seconds",Relaxed structure contains clashes.,THP_NoFilters,default_filters,default_4stage_multimer
THP_NoFilters_l24_s979376_mpnn19,4stage,24,979376,-0.3,15-25,MTLEEWLSEKFDPEIVAETMREML,"B3,B6,B7,B11,B12,B15,B16,B18,B19,B20,B22,B23",1.46,0.42,0.85,0.85,0.85,,,,0.62,0.6,0.65,,,,0.62,0.61,0.64,,,,0.21,0.22,0.21,,,,0.28,0.29,0.27,,,,0.0,0,0,,,,0.0,0,0,,,,0.5,1,0,,,,0.5,1,0,,,,-43.01,-42.41,-43.61,,,,0.43,0.43,0.43,,,,0.79,0.77,0.82,,,,0.59,0.52,0.66,,,,-39.9,-40.25,-39.55,,,,1019.07,1029.61,1008.53,,,,-3.92,-3.91,-3.92,,,,56.58,58.44,54.73,,,,66.67,66.67,66.67,,,,12.0,12,12,,,,1.5,1,2,,,,12.5,8.33,16.67,,,,0.5,0.0,1.0,,,,4.17,0.0,8.33,,,,0.0,0,0,,,,0.0,0,0,,,,0.0,0,0,,,,0.0,0,0,,,,0.0,0,0,,,,0.0,0,0,,,,"{'A': 0.0, 'C': 0.0, 'D': 1.0, 'E': 1.5, 'F': 1.0, 'G': 0.0, 'H': 0.0, 'I': 1.0, 'K': 0.5, 'L': 2.0, 'M': 2.0, 'N': 0.0, 'P': 0.0, 'Q': 0.0, 'R': 0.0, 'S': 0.0, 'T': 1.0, 'V': 1.0, 'W': 1.0, 'Y': 0.0}","{'A': 0, 'C': 0, 'D': 1, 'E': 1, 'F': 1, 'G': 0, 'H': 0, 'I': 1, 'K': 1, 'L': 2, 'M': 2, 'N': 0, 'P': 0, 'Q': 0, 'R': 0, 'S': 0, 'T': 1, 'V': 1, 'W': 1, 'Y': 0}","{'A': 0, 'C': 0, 'D': 1, 'E': 2, 'F': 1, 'G': 0, 'H': 0, 'I': 1, 'K': 0, 'L': 2, 'M': 2, 'N': 0, 'P': 0, 'Q': 0, 'R': 0, 'S': 0, 'T': 1, 'V': 1, 'W': 1, 'Y': 0}",,,,2.08,2.21,1.94,,,,0.75,0.92,0.58,,,,0.9,0.9,0.89,,,,0.33,0.31,0.34,,,,0.11,0.11,0.1,,,,1.11,1.09,1.13,,,,"0 hours, 0 minutes, 7 seconds",Relaxed structure contains clashes.,THP_NoFilters,default_filters,default_4stage_multimer
