Design,Protocol,Length,Seed,Helicity,Target_Hotspot,Sequence,InterfaceResidues,pLDDT,pTM,i_pTM,pAE,i_pAE,i_pLDDT,ss_pLDDT,Unrelaxed_Clashes,Relaxed_Clashes,Binder_Energy_Score,Surface_Hydrophobicity,ShapeComplementarity,PackStat,dG,dSASA,dG/dSASA,Interface_SASA_%,Interface_Hydrophobicity,n_InterfaceResidues,n_InterfaceHbonds,InterfaceHbondsPercentage,n_InterfaceUnsatHbonds,InterfaceUnsatHbondsPercentage,Interface_Helix%,Interface_BetaSheet%,Interface_Loop%,Binder_Helix%,Binder_BetaSheet%,Binder_Loop%,InterfaceAAs,Target_RMSD,TrajectoryTime,Notes,TargetSettings,Filters,AdvancedSettings
THP_NoFilters_l23_s153227,4stage,23,153227,-0.3,15-25,EEKYKKLGIPGPVRKKLVKKTGE,"B3,B4,B7,B9,B10,B13,B16,B17,B20,B21",0.75,0.44,0.26,0.33,0.36,0,0,5,0,-51.92,0.42,0.69,0.57,-17.79,613.71,-2.9,33.1,60.0,10,0,0.0,0.0,0.0,0,0,0,0,0,0,"{'A': 0, 'C': 0, 'D': 0, 'E': 0, 'F': 0, 'G': 0, 'H': 0, 'I': 1, 'K': 3, 'L': 2, 'M': 0, 'N': 0, 'P': 1, 'Q': 0, 'R': 0, 'S': 0, 'T': 1, 'V': 1, 'W': 0, 'Y': 1}",1.68,"0 hours, 2 minutes, 12 seconds",,THP_NoFilters,default_filters,default_4stage_multimer
THP_NoFilters_l23_s641432,4stage,23,641432,-0.3,15-25,TLKKLMEEAIEDDETLEVVMEMM,"B2,B3,B6,B7,B9,B10,B11,B13,B16,B19,B20,B23",0.86,0.6,0.66,0.22,0.11,0,0,2,0,-37.24,0.39,0.83,0.61,-31.56,897.72,-3.52,52.67,66.67,12,2,16.67,2.0,16.67,0,0,0,0,0,0,"{'A': 1, 'C': 0, 'D': 1, 'E': 2, 'F': 0, 'G': 0, 'H': 0, 'I': 1, 'K': 1, 'L': 2, 'M': 3, 'N': 0, 'P': 0, 'Q': 0, 'R': 0, 'S': 0, 'T': 0, 'V': 1, 'W': 0, 'Y': 0}",1.44,"0 hours, 2 minutes, 7 seconds","Absorption value is 0.0, consider adding tryptophane to design.",THP_NoFilters,default_filters,default_4stage_multimer
THP_NoFilters_l25_s882470,4stage,25,882470,-0.3,15-25,NWDKFWEEQKIPGEWKEEFKAKTNT,"B2,B5,B6,B11,B12,B15,B19,B22,B23",0.81,0.57,0.54,0.25,0.18,0,0,1,0,-47.95,0.29,0.7,0.63,-21.85,765.88,-2.85,36.41,77.78,9,0,0.0,0.0,0.0,0,0,0,0,0,0,"{'A': 0, 'C': 0, 'D': 0, 'E': 0, 'F': 2, 'G': 0, 'H': 0, 'I': 1, 'K': 1, 'L': 0, 'M': 0, 'N': 0, 'P': 1, 'Q': 0, 'R': 0, 'S': 0, 'T': 1, 'V': 0, 'W': 3, 'Y': 0}",1.42,"0 hours, 2 minutes, 32 seconds",,THP_NoFilters,default_filters,default_4stage_multimer
THP_NoFilters_l24_s683701,4stage,24,683701,-0.3,15-25,RKPNPDDDEEVVKWYKKYKIEKGW,"B2,B3,B5,B6,B8,B11,B12,B14,B15,B16,B18,B24",0.8,0.54,0.55,0.25,0.16,0,0,1,0,-52.33,0.33,0.69,0.53,-31.56,1112.74,-2.84,54.63,66.67,12,1,8.33,2.0,16.67,0,0,0,0,0,0,"{'A': 0, 'C': 0, 'D': 2, 'E': 0, 'F': 0, 'G': 0, 'H': 0, 'I': 0, 'K': 2, 'L': 0, 'M': 0, 'N': 0, 'P': 2, 'Q': 0, 'R': 0, 'S': 0, 'T': 0, 'V': 2, 'W': 2, 'Y': 2}",1.5,"0 hours, 2 minutes, 16 seconds",,THP_NoFilters,default_filters,default_4stage_multimer
THP_NoFilters_l24_s29598,4stage,24,29598,-0.3,15-25,KDIEAMVEDKEDWDKYMKEHFPGM,"B3,B4,B7,B8,B13,B16,B17,B21,B24",0.74,0.52,0.42,0.28,0.26,0,0,3,1,-42.61,0.43,0.74,0.64,-25.28,720.19,-3.51,37.79,77.78,9,0,0.0,0.0,0.0,0,0,0,0,0,0,"{'A': 0, 'C': 0, 'D': 0, 'E': 2, 'F': 1, 'G': 0, 'H': 0, 'I': 1, 'K': 0, 'L': 0, 'M': 2, 'N': 0, 'P': 0, 'Q': 0, 'R': 0, 'S': 0, 'T': 0, 'V': 1, 'W': 1, 'Y': 1}",1.34,"0 hours, 2 minutes, 16 seconds",Relaxed structure contains clashes.,THP_NoFilters,default_filters,default_4stage_multimer
THP_NoFilters_l19_s635155,4stage,19,635155,-0.3,15-25,DVTKEWVKKFLGPEEVKKM,"B2,B3,B6,B7,B10,B11,B19",0.79,0.51,0.44,0.28,0.21,0,0,3,0,-28.1,0.4,0.76,0.55,-17.4,569.03,-3.06,35.04,85.71,7,0,0.0,0.0,0.0,0,0,0,0,0,0,"{'A': 0, 'C': 0, 'D': 0, 'E': 0, 'F': 1, 'G': 0, 'H': 0, 'I': 0, 'K': 0, 'L': 1, 'M': 1, 'N': 0, 'P': 0, 'Q': 0, 'R': 0, 'S': 0, 'T': 1, 'V': 2, 'W': 1, 'Y': 0}",1.64,"0 hours, 2 minutes, 15 seconds",,THP_NoFilters,default_filters,default_4stage_multimer
THP_NoFilters_l18_s286857,4stage,18,286857,-0.3,15-25,GTNYKNMDEEEAWEEYTK,"B4,B5,B7,B8,B9,B12,B13,B16",0.82,0.59,0.62,0.25,0.16,0,0,1,0,-32.99,0.33,0.72,0.65,-24.68,772.98,-3.19,47.52,62.5,8,1,12.5,0.0,0.0,0,0,0,0,0,0,"{'A': 1, 'C': 0, 'D': 1, 'E': 1, 'F': 0, 'G': 0, 'H': 0, 'I': 0, 'K': 1, 'L': 0, 'M': 1, 'N': 0, 'P': 0, 'Q': 0, 'R': 0, 'S': 0, 'T': 0, 'V': 0, 'W': 1, 'Y': 2}",1.34,"0 hours, 2 minutes, 19 seconds",,THP_NoFilters,default_filters,default_4stage_multimer
THP_NoFilters_l22_s557467,4stage,22,557467,-0.3,15-25,DMTNLYWEVKKNPAKAKEILED,"B2,B5,B6,B9,B10,B16,B17,B19,B20,B22",0.79,0.59,0.59,0.23,0.14,0,0,0,0,-32.91,0.45,0.77,0.54,-30.5,888.73,-3.43,50.0,70.0,10,1,10.0,1.0,10.0,0,0,0,0,0,0,"{'A': 1, 'C': 0, 'D': 1, 'E': 0, 'F': 0, 'G': 0, 'H': 0, 'I': 1, 'K': 2, 'L': 2, 'M': 1, 'N': 0, 'P': 0, 'Q': 0, 'R': 0, 'S': 0, 'T': 0, 'V': 1, 'W': 0, 'Y': 1}",1.82,"0 hours, 2 minutes, 13 seconds",,THP_NoFilters,default_filters,default_4stage_multimer
THP_NoFilters_l23_s586780,4stage,23,586780,-0.3,15-25,TKAKIEKKYGGDPEIKELIKQVP,"B1,B5,B9,B12,B14,B15,B18,B19,B21,B22,B23",0.87,0.6,0.67,0.22,0.12,0,0,1,0,-35.03,0.33,0.75,0.61,-31.07,944.8,-3.29,55.75,63.64,11,0,0.0,0.0,0.0,0,0,0,0,0,0,"{'A': 0, 'C': 0, 'D': 1, 'E': 1, 'F': 0, 'G': 0, 'H': 0, 'I': 3, 'K': 0, 'L': 1, 'M': 0, 'N': 0, 'P': 1, 'Q': 1, 'R': 0, 'S': 0, 'T': 1, 'V': 1, 'W': 0, 'Y': 1}",1.7,"0 hours, 2 minutes, 13 seconds",,THP_NoFilters,default_filters,default_4stage_multimer
THP_NoFilters_l23_s418949,4stage,23,418949,-0.3,15-25,KWTVEELEKMTPKEQVEEVTKKK,"B2,B3,B4,B7,B8,B12,B15,B16,B19,B23",0.75,0.53,0.42,0.27,0.25,0,0,2,0,-39.93,0.25,0.72,0.62,-20.48,799.15,-2.56,42.22,60.0,10,0,0.0,1.0,10.0,0,0,0,0,0,0,"{'A': 0, 'C': 0, 'D': 0, 'E': 1, 'F': 0, 'G': 0, 'H': 0, 'I': 0, 'K': 1, 'L': 1, 'M': 0, 'N': 0, 'P': 1, 'Q': 1, 'R': 0, 'S': 0, 'T': 1, 'V': 3, 'W': 1, 'Y': 0}",1.04,"0 hours, 2 minutes, 15 seconds",,THP_NoFilters,default_filters,default_4stage_multimer
THP_NoFilters_l22_s326337,4stage,22,326337,-0.3,15-25,DIPEELMKMPIPEMVKVIEEKM,"B1,B2,B3,B6,B7,B9,B10,B11,B14,B15,B18,B22",0.77,0.53,0.5,0.28,0.2,0,0,2,0,-38.64,0.53,0.76,0.62,-30.45,916.89,-3.32,52.1,91.67,12,0,0.0,1.0,8.33,0,0,0,0,0,0,"{'A': 0, 'C': 0, 'D': 1, 'E': 0, 'F': 0, 'G': 0, 'H': 0, 'I': 3, 'K': 0, 'L': 1, 'M': 4, 'N': 0, 'P': 2, 'Q': 0, 'R': 0, 'S': 0, 'T': 0, 'V': 1, 'W': 0, 'Y': 0}",2.87,"0 hours, 2 minutes, 15 seconds","Absorption value is 0.0, consider adding tryptophane to design.",THP_NoFilters,default_filters,default_4stage_multimer
THP_NoFilters_l16_s358287,4stage,16,358287,-0.3,15-25,LDWTPEEERVYKKYFK,"B1,B2,B3,B6,B7,B10,B11,B14,B15",0.81,0.58,0.61,0.25,0.13,0,0,1,0,-33.67,0.4,0.74,0.6,-27.62,834.44,-3.31,55.76,66.67,9,2,22.22,0.0,0.0,0,0,0,0,0,0,"{'A': 0, 'C': 0, 'D': 1, 'E': 2, 'F': 1, 'G': 0, 'H': 0, 'I': 0, 'K': 0, 'L': 1, 'M': 0, 'N': 0, 'P': 0, 'Q': 0, 'R': 0, 'S': 0, 'T': 0, 'V': 1, 'W': 1, 'Y': 2}",1.46,"0 hours, 2 minutes, 19 seconds",,THP_NoFilters,default_filters,default_4stage_multimer
THP_NoFilters_l19_s693170,4stage,19,693170,-0.3,15-25,VTLTPEEEKAWEKYVKWMG,"B1,B2,B3,B4,B6,B7,B10,B11,B14,B15,B17,B18",0.76,0.54,0.53,0.25,0.19,0,0,4,0,-35.14,0.5,0.78,0.58,-35.72,1167.54,-3.06,78.68,66.67,12,3,25.0,0.0,0.0,0,0,0,0,0,0,"{'A': 1, 'C': 0, 'D': 0, 'E': 2, 'F': 0, 'G': 0, 'H': 0, 'I': 0, 'K': 0, 'L': 1, 'M': 1, 'N': 0, 'P': 0, 'Q': 0, 'R': 0, 'S': 0, 'T': 2, 'V': 2, 'W': 2, 'Y': 1}",5.54,"0 hours, 2 minutes, 16 seconds",,THP_NoFilters,default_filters,default_4stage_multimer
THP_NoFilters_l23_s418008,4stage,23,418008,-0.3,15-25,ETVKELEKKYMEYKEDGDIKKLF,"B2,B3,B6,B7,B9,B10,B11,B13,B14,B19,B22,B23",0.71,0.5,0.4,0.28,0.24,0,0,14,0,-39.09,0.35,0.72,0.6,-33.08,951.41,-3.48,48.82,66.67,12,0,0.0,1.0,8.33,0,0,0,0,0,0,"{'A': 0, 'C': 0, 'D': 0, 'E': 1, 'F': 1, 'G': 0, 'H': 0, 'I': 1, 'K': 2, 'L': 2, 'M': 1, 'N': 0, 'P': 0, 'Q': 0, 'R': 0, 'S': 0, 'T': 1, 'V': 1, 'W': 0, 'Y': 2}",1.88,"0 hours, 2 minutes, 15 seconds",,THP_NoFilters,default_filters,default_4stage_multimer
THP_NoFilters_l19_s58776,4stage,19,58776,-0.3,15-25,TMTIVELYEIWKEDPKELP,"B4,B5,B7,B8,B11,B12",0.73,0.51,0.41,0.27,0.2,0,0,6,0,-33.34,0.47,0.55,0.54,-21.03,621.62,-3.38,38.04,83.33,6,1,16.67,0.0,0.0,0,0,0,0,0,0,"{'A': 0, 'C': 0, 'D': 0, 'E': 0, 'F': 0, 'G': 0, 'H': 0, 'I': 1, 'K': 1, 'L': 1, 'M': 0, 'N': 0, 'P': 0, 'Q': 0, 'R': 0, 'S': 0, 'T': 0, 'V': 1, 'W': 1, 'Y': 1}",2.13,"0 hours, 2 minutes, 17 seconds",,THP_NoFilters,default_filters,default_4stage_multimer
THP_NoFilters_l18_s970534,4stage,18,970534,-0.3,15-25,PLGPQGKAKELLKDLDND,"B4,B5,B8,B9,B11,B12,B15,B16,B18",0.71,0.54,0.49,0.3,0.21,0,0,1,0,-26.25,0.47,0.7,0.6,-30.34,836.64,-3.63,58.5,55.56,9,2,22.22,0.0,0.0,0,0,0,0,0,0,"{'A': 1, 'C': 0, 'D': 2, 'E': 0, 'F': 0, 'G': 0, 'H': 0, 'I': 0, 'K': 1, 'L': 3, 'M': 0, 'N': 0, 'P': 1, 'Q': 1, 'R': 0, 'S': 0, 'T': 0, 'V': 0, 'W': 0, 'Y': 0}",0.79,"0 hours, 2 minutes, 19 seconds","Absorption value is 0.0, consider adding tryptophane to design.",THP_NoFilters,default_filters,default_4stage_multimer
THP_NoFilters_l22_s105706,4stage,22,105706,-0.3,15-25,DPYTMAIELFGWTKEEAKEILD,"B1,B2,B5,B6,B9,B10,B12,B20,B21,B22",0.9,0.59,0.63,0.2,0.11,0,0,1,0,-42.43,0.41,0.79,0.64,-26.15,885.11,-2.95,56.82,80.0,10,0,0.0,0.0,0.0,0,0,0,0,0,0,"{'A': 1, 'C': 0, 'D': 2, 'E': 0, 'F': 1, 'G': 0, 'H': 0, 'I': 1, 'K': 0, 'L': 2, 'M': 1, 'N': 0, 'P': 1, 'Q': 0, 'R': 0, 'S': 0, 'T': 0, 'V': 0, 'W': 1, 'Y': 0}",0.86,"0 hours, 2 minutes, 13 seconds",,THP_NoFilters,default_filters,default_4stage_multimer
THP_NoFilters_l20_s67086,4stage,20,67086,-0.3,15-25,TMDWETWKEVAKKKFGIDIP,"B4,B7,B8,B10,B11,B14,B15,B17,B19,B20",0.71,0.46,0.37,0.3,0.26,0,0,2,0,-38.78,0.44,0.82,0.72,-29.24,931.74,-3.14,59.33,80.0,10,0,0.0,1.0,10.0,0,0,0,0,0,0,"{'A': 1, 'C': 0, 'D': 0, 'E': 0, 'F': 1, 'G': 0, 'H': 0, 'I': 2, 'K': 2, 'L': 0, 'M': 0, 'N': 0, 'P': 1, 'Q': 0, 'R': 0, 'S': 0, 'T': 0, 'V': 1, 'W': 2, 'Y': 0}",1.55,"0 hours, 2 minutes, 34 seconds",,THP_NoFilters,default_filters,default_4stage_multimer
THP_NoFilters_l18_s659309,4stage,18,659309,-0.3,15-25,KTWTENEAVNEYEVMHME,"B1,B2,B3,B4,B5,B8,B9,B11,B12,B13,B15",0.76,0.59,0.61,0.24,0.15,0,0,0,0,-27.33,0.38,0.8,0.69,-39.76,897.35,-4.43,57.27,45.45,11,4,36.36,0.0,0.0,0,0,0,0,0,0,"{'A': 1, 'C': 0, 'D': 0, 'E': 3, 'F': 0, 'G': 0, 'H': 0, 'I': 0, 'K': 1, 'L': 0, 'M': 1, 'N': 0, 'P': 0, 'Q': 0, 'R': 0, 'S': 0, 'T': 2, 'V': 1, 'W': 1, 'Y': 1}",1.13,"0 hours, 2 minutes, 35 seconds",,THP_NoFilters,default_filters,default_4stage_multimer
THP_NoFilters_l25_s580562,4stage,25,580562,-0.3,15-25,RRKFIRKWVEEHMPHLRPMVEEMMD,"B1,B4,B5,B8,B9,B13,B15,B16,B19,B20,B23,B24",0.82,0.58,0.63,0.23,0.14,0,0,0,0,-41.06,0.38,0.7,0.66,-32.3,947.61,-3.41,49.22,83.33,12,1,8.33,0.0,0.0,0,0,0,0,0,0,"{'A': 0, 'C': 0, 'D': 0, 'E': 0, 'F': 1, 'G': 0, 'H': 1, 'I': 1, 'K': 0, 'L': 1, 'M': 4, 'N': 0, 'P': 0, 'Q': 0, 'R': 1, 'S': 0, 'T': 0, 'V': 2, 'W': 1, 'Y': 0}",1.35,"0 hours, 2 minutes, 18 seconds",,THP_NoFilters,default_filters,default_4stage_multimer
THP_NoFilters_l25_s727811,4stage,25,727811,-0.3,15-25,DRAKEMIKRDPRVARTYLMREWKEG,"B1,B3,B4,B7,B11,B12,B14,B15,B18,B19,B22",0.77,0.53,0.46,0.24,0.2,0,0,3,0,-37.13,0.33,0.58,0.64,-30.9,1064.93,-2.9,51.14,63.64,11,2,18.18,2.0,18.18,0,0,0,0,0,0,"{'A': 2, 'C': 0, 'D': 1, 'E': 0, 'F': 0, 'G': 0, 'H': 0, 'I': 1, 'K': 1, 'L': 1, 'M': 1, 'N': 0, 'P': 1, 'Q': 0, 'R': 2, 'S': 0, 'T': 0, 'V': 0, 'W': 1, 'Y': 0}",1.51,"0 hours, 2 minutes, 19 seconds",,THP_NoFilters,default_filters,default_4stage_multimer
THP_NoFilters_l25_s818998,4stage,25,818998,-0.3,15-25,WKEWTEKKFRSQGNEELVNQVKKIK,"B1,B2,B4,B5,B8,B9,B12,B14,B17,B20,B21,B23,B24,B25",0.81,0.58,0.55,0.22,0.15,0,0,9,0,-45.15,0.11,0.7,0.65,-27.38,794.76,-3.44,37.68,42.86,14,0,0.0,1.0,7.14,0,0,0,0,0,0,"{'A': 0, 'C': 0, 'D': 0, 'E': 0, 'F': 1, 'G': 0, 'H': 0, 'I': 1, 'K': 4, 'L': 1, 'M': 0, 'N': 1, 'P': 0, 'Q': 2, 'R': 0, 'S': 0, 'T': 1, 'V': 1, 'W': 2, 'Y': 0}",1.26,"0 hours, 2 minutes, 23 seconds",,THP_NoFilters,default_filters,default_4stage_multimer
THP_NoFilters_l15_s823171,4stage,15,823171,-0.3,15-25,QMTKDEAEEKDKELD,"B1,B2,B3,B4,B7,B8,B10,B11,B14,B15",0.79,0.55,0.55,0.26,0.15,0,0,2,0,-24.35,0.14,0.75,0.68,-25.14,887.9,-2.83,71.25,30.0,10,1,10.0,1.0,10.0,0,0,0,0,0,0,"{'A': 1, 'C': 0, 'D': 2, 'E': 1, 'F': 0, 'G': 0, 'H': 0, 'I': 0, 'K': 2, 'L': 1, 'M': 1, 'N': 0, 'P': 0, 'Q': 1, 'R': 0, 'S': 0, 'T': 1, 'V': 0, 'W': 0, 'Y': 0}",0.96,"0 hours, 2 minutes, 19 seconds","Absorption value is 0.0, consider adding tryptophane to design.",THP_NoFilters,default_filters,default_4stage_multimer
THP_NoFilters_l23_s781931,4stage,23,781931,-0.3,15-25,DPMIKAVLVKMDPSLEEVYEQIM,"B4,B7,B8,B11,B14,B15,B18,B19,B21,B22,B23",0.81,0.55,0.56,0.25,0.17,0,0,3,0,-39.03,0.53,0.74,0.57,-32.04,832.34,-3.85,52.52,81.82,11,0,0.0,0.0,0.0,0,0,0,0,0,0,"{'A': 0, 'C': 0, 'D': 0, 'E': 0, 'F': 0, 'G': 0, 'H': 0, 'I': 2, 'K': 0, 'L': 2, 'M': 2, 'N': 0, 'P': 0, 'Q': 1, 'R': 0, 'S': 1, 'T': 0, 'V': 2, 'W': 0, 'Y': 1}",6.3,"0 hours, 2 minutes, 17 seconds",,THP_NoFilters,default_filters,default_4stage_multimer
THP_NoFilters_l21_s900761,4stage,21,900761,-0.3,15-25,WEIRKEYKKDPEKVIKKIKKE,"B1,B3,B4,B7,B14,B15,B18,B19",0.8,0.57,0.54,0.23,0.16,0,0,5,0,-34.63,0.25,0.73,0.59,-35.08,920.89,-3.81,47.06,75.0,8,2,25.0,0.0,0.0,0,0,0,0,0,0,"{'A': 0, 'C': 0, 'D': 0, 'E': 0, 'F': 0, 'G': 0, 'H': 0, 'I': 3, 'K': 1, 'L': 0, 'M': 0, 'N': 0, 'P': 0, 'Q': 0, 'R': 1, 'S': 0, 'T': 0, 'V': 1, 'W': 1, 'Y': 1}",1.39,"0 hours, 2 minutes, 17 seconds",,THP_NoFilters,default_filters,default_4stage_multimer
THP_NoFilters_l17_s750132,4stage,17,750132,-0.3,15-25,HRTTVTEQYKEWKTKHG,"B5,B6,B8,B9,B10,B12",0.74,0.56,0.5,0.27,0.19,0,0,6,0,-24.15,0.24,0.76,0.65,-27.04,700.51,-3.86,38.53,50.0,6,1,16.67,0.0,0.0,0,0,0,0,0,0,"{'A': 0, 'C': 0, 'D': 0, 'E': 0, 'F': 0, 'G': 0, 'H': 0, 'I': 0, 'K': 1, 'L': 0, 'M': 0, 'N': 0, 'P': 0, 'Q': 1, 'R': 0, 'S': 0, 'T': 1, 'V': 1, 'W': 1, 'Y': 1}",0.95,"0 hours, 2 minutes, 19 seconds",,THP_NoFilters,default_filters,default_4stage_multimer
THP_NoFilters_l24_s375066,4stage,24,375066,-0.3,15-25,HRRVTINKHDTISEMREKVVKEWK,"B6,B12,B15,B16,B19,B20,B23",0.72,0.51,0.33,0.29,0.3,0,0,3,0,-32.0,0.32,0.72,0.63,-29.53,929.8,-3.18,37.81,85.71,7,3,42.86,1.0,14.29,0,0,0,0,0,0,"{'A': 0, 'C': 0, 'D': 0, 'E': 0, 'F': 0, 'G': 0, 'H': 0, 'I': 2, 'K': 0, 'L': 0, 'M': 1, 'N': 0, 'P': 0, 'Q': 0, 'R': 1, 'S': 0, 'T': 0, 'V': 2, 'W': 1, 'Y': 0}",0.86,"0 hours, 2 minutes, 26 seconds",,THP_NoFilters,default_filters,default_4stage_multimer
THP_NoFilters_l24_s961506,4stage,24,961506,-0.3,15-25,TDIKEWLEKNYPEKPEWVAKIIKM,"B3,B6,B7,B11,B17,B20,B21,B24",0.72,0.51,0.37,0.27,0.25,0,0,4,0,-40.17,0.4,0.69,0.52,-18.6,754.59,-2.47,38.58,87.5,8,0,0.0,1.0,12.5,0,0,0,0,0,0,"{'A': 0, 'C': 0, 'D': 0, 'E': 0, 'F': 0, 'G': 0, 'H': 0, 'I': 2, 'K': 1, 'L': 1, 'M': 1, 'N': 0, 'P': 0, 'Q': 0, 'R': 0, 'S': 0, 'T': 0, 'V': 0, 'W': 2, 'Y': 1}",1.05,"0 hours, 2 minutes, 27 seconds",,THP_NoFilters,default_filters,default_4stage_multimer
THP_NoFilters_l15_s237367,4stage,15,237367,-0.3,15-25,RWLTPKELWEAFEKR,"B2,B3,B4,B5,B8,B9,B12",0.71,0.54,0.36,0.27,0.23,0,0,5,0,-22.54,0.43,0.79,0.59,-22.75,806.52,-2.82,54.15,85.71,7,0,0.0,2.0,28.57,0,0,0,0,0,0,"{'A': 0, 'C': 0, 'D': 0, 'E': 0, 'F': 1, 'G': 0, 'H': 0, 'I': 0, 'K': 0, 'L': 2, 'M': 0, 'N': 0, 'P': 1, 'Q': 0, 'R': 0, 'S': 0, 'T': 1, 'V': 0, 'W': 2, 'Y': 0}",0.74,"0 hours, 2 minutes, 17 seconds",,THP_NoFilters,default_filters,default_4stage_multimer
THP_NoFilters_l25_s107268,4stage,25,107268,-0.3,15-25,PTTEEVFKQWIKGNMPEFWELLEKM,"B3,B4,B6,B7,B10,B11,B18,B19,B22,B25",0.88,0.63,0.64,0.18,0.13,0,0,3,0,-55.92,0.45,0.75,0.62,-28.5,811.84,-3.51,44.46,80.0,10,1,10.0,0.0,0.0,0,0,0,0,0,0,"{'A': 0, 'C': 0, 'D': 0, 'E': 1, 'F': 2, 'G': 0, 'H': 0, 'I': 1, 'K': 0, 'L': 1, 'M': 1, 'N': 0, 'P': 0, 'Q': 0, 'R': 0, 'S': 0, 'T': 1, 'V': 1, 'W': 2, 'Y': 0}",0.79,"0 hours, 2 minutes, 24 seconds",,THP_NoFilters,default_filters,default_4stage_multimer
THP_NoFilters_l23_s508157,4stage,23,508157,-0.3,15-25,KKLTEEEVENKWKNGKIEELLKP,"B2,B3,B4,B5,B8,B12,B17,B20,B21,B22,B23",0.79,0.57,0.58,0.25,0.19,0,0,0,0,-53.32,0.33,0.82,0.6,-35.23,944.6,-3.73,45.67,63.64,11,2,18.18,0.0,0.0,0,0,0,0,0,0,"{'A': 0, 'C': 0, 'D': 0, 'E': 1, 'F': 0, 'G': 0, 'H': 0, 'I': 1, 'K': 2, 'L': 3, 'M': 0, 'N': 0, 'P': 1, 'Q': 0, 'R': 0, 'S': 0, 'T': 1, 'V': 1, 'W': 1, 'Y': 0}",4.3,"0 hours, 2 minutes, 21 seconds",,THP_NoFilters,default_filters,default_4stage_multimer
THP_NoFilters_l22_s734453,4stage,22,734453,-0.3,15-25,KKVEWEGEDPKEQEAVEVYNRG,"B3,B4,B5,B6,B11,B12,B15,B16,B19",0.77,0.54,0.53,0.27,0.18,0,0,1,0,-37.85,0.31,0.77,0.57,-31.41,853.15,-3.68,44.35,55.56,9,1,11.11,1.0,11.11,0,0,0,0,0,0,"{'A': 1, 'C': 0, 'D': 0, 'E': 3, 'F': 0, 'G': 0, 'H': 0, 'I': 0, 'K': 1, 'L': 0, 'M': 0, 'N': 0, 'P': 0, 'Q': 0, 'R': 0, 'S': 0, 'T': 0, 'V': 2, 'W': 1, 'Y': 1}",1.41,"0 hours, 2 minutes, 24 seconds",,THP_NoFilters,default_filters,default_4stage_multimer
THP_NoFilters_l24_s979376,4stage,24,979376,-0.3,15-25,KTLKEWLTEQFDPEIVEETMEEMG,"B3,B6,B7,B11,B12,B14,B15,B16,B19,B20,B22,B23",0.81,0.58,0.62,0.23,0.13,0,0,5,0,-39.83,0.33,0.7,0.64,-36.09,1072.36,-3.37,62.89,66.67,12,1,8.33,0.0,0.0,0,0,0,0,0,0,"{'A': 0, 'C': 0, 'D': 1, 'E': 2, 'F': 1, 'G': 0, 'H': 0, 'I': 1, 'K': 0, 'L': 2, 'M': 2, 'N': 0, 'P': 0, 'Q': 0, 'R': 0, 'S': 0, 'T': 1, 'V': 1, 'W': 1, 'Y': 0}",3.01,"0 hours, 2 minutes, 30 seconds",,THP_NoFilters,default_filters,default_4stage_multimer
